mean_wind_penetration,cate
9.153181999999964,-0.8245628546615249
9.153181999999964,-0.8099280014609098
9.153181999999964,-0.8528110697319186
9.153181999999964,-0.8411768465260007
9.153181999999964,-0.874697510756048
9.153181999999964,-0.8932225113126336
9.153181999999964,-0.8315817329416684
9.153181999999964,-0.80389226066275
9.153181999999964,-0.8889948823729686
9.153181999999964,-0.8741551265095457
9.153181999999964,-0.8199191659293984
9.153181999999964,-0.8185395114791927
9.153181999999964,-0.78705322449775
9.153181999999964,-0.8666160250532613
9.153181999999964,-0.819650178200249
9.153181999999964,-0.8392419054824252
9.153181999999964,-0.8262924778547776
9.153181999999964,-0.8563828866851405
9.153181999999964,-0.8588617351791618
9.153181999999964,-0.8464504881467715
9.153181999999964,-0.8143422143372346
9.153181999999964,-0.8438634361362984
9.153181999999964,-0.7815515099477128
9.153181999999964,-0.8479608163214514
9.153181999999964,-0.8067800203133648
9.153181999999964,-0.8104604142717172
9.153181999999964,-0.8054509554374422
9.153181999999964,-0.8110249458619043
9.153181999999964,-0.862673968746741
9.153181999999964,-0.8945222812807765
9.153181999999964,-0.7874321763639315
9.153181999999964,-0.8276383588775378
9.153181999999964,-0.8666931289830113
9.153181999999964,-0.8031812500462094
9.153181999999964,-0.8301178044726683
9.153181999999964,-0.815231897714074
9.153181999999964,-0.8332483168426374
9.153181999999964,-0.838508354654653
9.153181999999964,-0.8586745295848458
9.153181999999964,-0.8008785279974684
9.153181999999964,-0.781115446298201
9.153181999999964,-0.8086031859724833
9.153181999999964,-0.8201067838300752
9.153181999999964,-0.8209592839482979
9.153181999999964,-0.8167655791197901
9.153181999999964,-0.8121937778227794
9.153181999999964,-0.825462290798199
9.153181999999964,-0.8246280299818392
9.153181999999964,-0.8633084863514067
9.153181999999964,-0.8237034803425374
9.153181999999964,-0.8323034625218692
9.153181999999964,-0.8178113700349131
9.153181999999964,-0.8185510414149333
9.153181999999964,-0.825947060606467
9.153181999999964,-0.8389105581234254
9.153181999999964,-0.8071654169963838
9.153181999999964,-0.8120988840301978
9.153181999999964,-0.8719731242018715
9.153181999999964,-0.8370125577087661
9.153181999999964,-0.853899462997931
9.153181999999964,-0.7849280300814074
9.153181999999964,-0.8751232007652526
9.153181999999964,-0.7596673983088699
9.153181999999964,-0.7790076263785847
9.153181999999964,-0.8456745916281974
9.153181999999964,-0.8633630761623642
9.153181999999964,-0.8773102985838017
9.153181999999964,-0.845416637126715
9.153181999999964,-0.8263564651703968
9.153181999999964,-0.8663505616662116
9.153181999999964,-0.8770914232997871
9.153181999999964,-0.8338637444405534
9.153181999999964,-0.8435065008269856
9.153181999999964,-0.8774225390101442
9.153181999999964,-0.8542020402695721
9.153181999999964,-0.8020143129938606
9.153181999999964,-0.8339684429097309
9.153181999999964,-0.8067590242533693
9.153181999999964,-0.8379466155586583
9.153181999999964,-0.8447107596157556
9.153181999999964,-0.8527221345017356
9.153181999999964,-0.8335463444064275
9.153181999999964,-0.803802928121437
9.153181999999964,-0.7976308398107138
9.153181999999964,-0.8446462084480724
9.153181999999964,-0.8871328369172926
9.153181999999964,-0.8860983547259766
9.153181999999964,-0.7830283779852754
9.153181999999964,-0.8347001568285035
9.153181999999964,-0.8181812098635741
9.153181999999964,-0.8638879424990468
9.153181999999964,-0.8661890186128062
9.153181999999964,-0.8114883306708379
9.153181999999964,-0.8337276524830263
9.153181999999964,-0.8137859707463865
9.153181999999964,-0.8602400948196494
9.153181999999964,-0.819547609100899
9.153181999999964,-0.8713118790753323
9.153181999999964,-0.8470846256464202
9.153181999999964,-0.8241331751934531
10.721708999999972,-0.775430444965396
10.721708999999972,-0.7649765927151814
10.721708999999972,-0.7744835728358761
10.721708999999972,-0.7369991787798146
10.721708999999972,-0.7196945953833035
10.721708999999972,-0.745530730380913
10.721708999999972,-0.7481941794469553
10.721708999999972,-0.7610831803619358
10.721708999999972,-0.7732034665367669
10.721708999999972,-0.761589013484163
10.721708999999972,-0.7502992053291906
10.721708999999972,-0.6998063379639055
10.721708999999972,-0.7601423743933116
10.721708999999972,-0.7697732239768258
10.721708999999972,-0.7247487657687863
10.721708999999972,-0.743477669486593
10.721708999999972,-0.7905532664285828
10.721708999999972,-0.6726979484227505
10.721708999999972,-0.7331239924387416
10.721708999999972,-0.7465183090945973
10.721708999999972,-0.7285250277172348
10.721708999999972,-0.7271567847795213
10.721708999999972,-0.7511408238522852
10.721708999999972,-0.7810405921037337
10.721708999999972,-0.7296666355030206
10.721708999999972,-0.759647530126426
10.721708999999972,-0.7736605078639307
10.721708999999972,-0.7557075483891603
10.721708999999972,-0.780064207073171
10.721708999999972,-0.7668436394549855
10.721708999999972,-0.7395669501547261
10.721708999999972,-0.7261107918132308
10.721708999999972,-0.7036728209901726
10.721708999999972,-0.7464746226088428
10.721708999999972,-0.7557268680430356
10.721708999999972,-0.7291851265484405
10.721708999999972,-0.7631804629386049
10.721708999999972,-0.7131112120133997
10.721708999999972,-0.746944569093123
10.721708999999972,-0.7742259543993234
10.721708999999972,-0.7844117960263335
10.721708999999972,-0.7517466099836831
10.721708999999972,-0.7426861366034342
10.721708999999972,-0.7561063791104888
10.721708999999972,-0.7538386664407715
10.721708999999972,-0.73902529227407
10.721708999999972,-0.7361950772060118
10.721708999999972,-0.7496319257498126
10.721708999999972,-0.7535901281371605
10.721708999999972,-0.7593831621884464
10.721708999999972,-0.7708054439313694
10.721708999999972,-0.7713153442570966
10.721708999999972,-0.7437835510101185
10.721708999999972,-0.7381566646901497
10.721708999999972,-0.7559530949900516
10.721708999999972,-0.7764721765841197
10.721708999999972,-0.7498090425376356
10.721708999999972,-0.7734228659488162
10.721708999999972,-0.7852070373745885
10.721708999999972,-0.7742060505813507
10.721708999999972,-0.7529262212397715
10.721708999999972,-0.7404000935929684
10.721708999999972,-0.7489073094590543
10.721708999999972,-0.7671935307287886
10.721708999999972,-0.8013448297497201
10.721708999999972,-0.733922079425952
10.721708999999972,-0.7734133523509419
10.721708999999972,-0.7542813050343372
10.721708999999972,-0.7392718235308541
10.721708999999972,-0.7389778056751506
10.721708999999972,-0.7839107629689473
10.721708999999972,-0.7832867513628329
10.721708999999972,-0.7819980295712797
10.721708999999972,-0.7250262417534254
10.721708999999972,-0.766901740845061
10.721708999999972,-0.7678050020363751
10.721708999999972,-0.7386944720271992
10.721708999999972,-0.7726194442024209
10.721708999999972,-0.7696522935876542
10.721708999999972,-0.7307310990852462
10.721708999999972,-0.7588091485077194
10.721708999999972,-0.7487332229084326
10.721708999999972,-0.7582616071391006
10.721708999999972,-0.7494818400154083
10.721708999999972,-0.7565373040667912
10.721708999999972,-0.7275381179170773
10.721708999999972,-0.7288427029301435
10.721708999999972,-0.7400799046418002
10.721708999999972,-0.7304852087620929
10.721708999999972,-0.7527096190953497
10.721708999999972,-0.7456186908795974
10.721708999999972,-0.748235862273045
10.721708999999972,-0.761716625190769
10.721708999999972,-0.76508708864362
10.721708999999972,-0.7459211803700826
10.721708999999972,-0.7278158964866063
10.721708999999972,-0.7329239031281759
10.721708999999972,-0.7540017538020432
10.721708999999972,-0.7643937232337277
10.721708999999972,-0.781529816431536
12.285512999999959,-0.722667329885077
12.285512999999959,-0.725425787836736
12.285512999999959,-0.7592731154226232
12.285512999999959,-0.7270610618178039
12.285512999999959,-0.7303257653803907
12.285512999999959,-0.7034515024468171
12.285512999999959,-0.7193699949769797
12.285512999999959,-0.7097504867892359
12.285512999999959,-0.7145591522730768
12.285512999999959,-0.7242324745762444
12.285512999999959,-0.7180723610450922
12.285512999999959,-0.7137568708131519
12.285512999999959,-0.6936854059267277
12.285512999999959,-0.7426627420623628
12.285512999999959,-0.7384097997462111
12.285512999999959,-0.7181244826144123
12.285512999999959,-0.7013063440179351
12.285512999999959,-0.7387697641225924
12.285512999999959,-0.6954242376373212
12.285512999999959,-0.6932214859050762
12.285512999999959,-0.7159833413667287
12.285512999999959,-0.7031734088125022
12.285512999999959,-0.7169866136465676
12.285512999999959,-0.7169876213430838
12.285512999999959,-0.7384891966127195
12.285512999999959,-0.7128896029506543
12.285512999999959,-0.7031727039639166
12.285512999999959,-0.7209848200521889
12.285512999999959,-0.7209352794448471
12.285512999999959,-0.7309670486159737
12.285512999999959,-0.6939833491366699
12.285512999999959,-0.7337008080194296
12.285512999999959,-0.7615552049518957
12.285512999999959,-0.6949590708242814
12.285512999999959,-0.7800807849864447
12.285512999999959,-0.7079342518500005
12.285512999999959,-0.7005421313187847
12.285512999999959,-0.7467104239432978
12.285512999999959,-0.6921916009774648
12.285512999999959,-0.7379303702194241
12.285512999999959,-0.738756131691713
12.285512999999959,-0.7710129458730074
12.285512999999959,-0.7328262173607615
12.285512999999959,-0.7403457421922075
12.285512999999959,-0.7212158917294119
12.285512999999959,-0.6720503009256048
12.285512999999959,-0.7349713399666744
12.285512999999959,-0.6833528503394769
12.285512999999959,-0.712684234699037
12.285512999999959,-0.7124354669939706
12.285512999999959,-0.7011364173544963
12.285512999999959,-0.73942900516802
12.285512999999959,-0.7284820482020666
12.285512999999959,-0.7387196269808722
12.285512999999959,-0.7391372190524204
12.285512999999959,-0.6764859327555424
12.285512999999959,-0.7542847031420552
12.285512999999959,-0.7551766181452446
12.285512999999959,-0.7341704119304839
12.285512999999959,-0.7148296815933324
12.285512999999959,-0.752442135439397
12.285512999999959,-0.7116907235153065
12.285512999999959,-0.7188242058309985
12.285512999999959,-0.7004258806083444
12.285512999999959,-0.7446862928757756
12.285512999999959,-0.7400770929753662
12.285512999999959,-0.7345478167072581
12.285512999999959,-0.7523121603204145
12.285512999999959,-0.7437621770192825
12.285512999999959,-0.7286070359320331
12.285512999999959,-0.7350608317994127
12.285512999999959,-0.7482472925668682
12.285512999999959,-0.7292970574284622
12.285512999999959,-0.7158031196492333
12.285512999999959,-0.6944201531298996
12.285512999999959,-0.7534027301280374
12.285512999999959,-0.7301413667990211
12.285512999999959,-0.7019954092561854
12.285512999999959,-0.669276664358485
12.285512999999959,-0.7173571405583061
12.285512999999959,-0.6896068519480686
12.285512999999959,-0.75932353710872
12.285512999999959,-0.7248075584117244
12.285512999999959,-0.756976642134189
12.285512999999959,-0.7375031640805657
12.285512999999959,-0.7788654146430716
12.285512999999959,-0.7689967113759536
12.285512999999959,-0.7233179795256612
12.285512999999959,-0.7423810285198685
12.285512999999959,-0.7149383017123327
12.285512999999959,-0.7683443217010288
12.285512999999959,-0.728153640559018
12.285512999999959,-0.7407367404712403
12.285512999999959,-0.7141168437065469
12.285512999999959,-0.646507461281962
12.285512999999959,-0.7382985448745756
12.285512999999959,-0.7268372840120996
12.285512999999959,-0.723952055281043
12.285512999999959,-0.7436108279231777
12.285512999999959,-0.715629885560258
13.928139000000002,-0.6848614847311083
13.928139000000002,-0.6936518011419175
13.928139000000002,-0.6828417912912278
13.928139000000002,-0.698595350315261
13.928139000000002,-0.6740551655766795
13.928139000000002,-0.7065181438403397
13.928139000000002,-0.7231130576282356
13.928139000000002,-0.695171810760669
13.928139000000002,-0.7300786787839072
13.928139000000002,-0.7002472155149706
13.928139000000002,-0.7142935954026061
13.928139000000002,-0.6685736379708842
13.928139000000002,-0.6951978858654738
13.928139000000002,-0.7041812687104116
13.928139000000002,-0.6994186314844603
13.928139000000002,-0.671559596672273
13.928139000000002,-0.6915580212487418
13.928139000000002,-0.6930137808525587
13.928139000000002,-0.7270873246405511
13.928139000000002,-0.6968674712527076
13.928139000000002,-0.6686932610111828
13.928139000000002,-0.6707595911466817
13.928139000000002,-0.6959059036353781
13.928139000000002,-0.7216934139117854
13.928139000000002,-0.6896368179956787
13.928139000000002,-0.6906923050077171
13.928139000000002,-0.6951276595180186
13.928139000000002,-0.7091648182965156
13.928139000000002,-0.6979592252081546
13.928139000000002,-0.6851070779482606
13.928139000000002,-0.7125142193578641
13.928139000000002,-0.6790144217832429
13.928139000000002,-0.7065968453583028
13.928139000000002,-0.7110473738571906
13.928139000000002,-0.6814193651116273
13.928139000000002,-0.7085175732827274
13.928139000000002,-0.7068653769620719
13.928139000000002,-0.7081308490353814
13.928139000000002,-0.7100028122723231
13.928139000000002,-0.7079797511043076
13.928139000000002,-0.6758155534304372
13.928139000000002,-0.6760908134569975
13.928139000000002,-0.7177010644157819
13.928139000000002,-0.7089782457205366
13.928139000000002,-0.700306622660395
13.928139000000002,-0.6899390289874198
13.928139000000002,-0.716185329768334
13.928139000000002,-0.7244796507254369
13.928139000000002,-0.680893540229676
13.928139000000002,-0.6992342705448491
13.928139000000002,-0.666498747843953
13.928139000000002,-0.6817853510680643
13.928139000000002,-0.6814269625401581
13.928139000000002,-0.7170686819720536
13.928139000000002,-0.6664596837036496
13.928139000000002,-0.6940647869565948
13.928139000000002,-0.7263144311106294
13.928139000000002,-0.6855610287761109
13.928139000000002,-0.6888082317883356
13.928139000000002,-0.6930173655663103
13.928139000000002,-0.7005253291740949
13.928139000000002,-0.704209078216681
13.928139000000002,-0.6991096768239601
13.928139000000002,-0.6821449864028267
13.928139000000002,-0.6781589872029276
13.928139000000002,-0.707676309652196
13.928139000000002,-0.6803828532820904
13.928139000000002,-0.6924273698000575
13.928139000000002,-0.7201116792402145
13.928139000000002,-0.7023038891240552
13.928139000000002,-0.7314075264431834
13.928139000000002,-0.687412623114566
13.928139000000002,-0.6916255453473829
13.928139000000002,-0.6800128802036952
13.928139000000002,-0.6759298383511867
13.928139000000002,-0.6914454574819918
13.928139000000002,-0.6836390192484528
13.928139000000002,-0.7019819329769876
13.928139000000002,-0.7268833031914315
13.928139000000002,-0.7294965702823449
13.928139000000002,-0.7192334151835102
13.928139000000002,-0.6923476708956615
13.928139000000002,-0.7253744955120445
13.928139000000002,-0.6846302858568166
13.928139000000002,-0.7050437512404302
13.928139000000002,-0.6916438647656472
13.928139000000002,-0.7118187392719356
13.928139000000002,-0.6784176182907204
13.928139000000002,-0.7274170650480221
13.928139000000002,-0.6999192179367688
13.928139000000002,-0.6695979820397086
13.928139000000002,-0.7023563108137977
13.928139000000002,-0.6517049219243763
13.928139000000002,-0.7482808434248305
13.928139000000002,-0.7010514658322671
13.928139000000002,-0.7264463217783125
13.928139000000002,-0.6878236567396744
13.928139000000002,-0.7058142177461617
13.928139000000002,-0.6851569109325935
13.928139000000002,-0.7189077969499222
15.674576999999978,-0.666898878307214
15.674576999999978,-0.6468560822482964
15.674576999999978,-0.624183892991995
15.674576999999978,-0.6698882699240121
15.674576999999978,-0.6250124495230847
15.674576999999978,-0.6754202541014936
15.674576999999978,-0.6604209820926646
15.674576999999978,-0.6858788401781004
15.674576999999978,-0.6601796134620007
15.674576999999978,-0.641636035541829
15.674576999999978,-0.6229906990612861
15.674576999999978,-0.6735579213280178
15.674576999999978,-0.652741995194535
15.674576999999978,-0.6479396714769594
15.674576999999978,-0.6297809231816427
15.674576999999978,-0.6698705036845963
15.674576999999978,-0.6785075624424588
15.674576999999978,-0.6226465264706277
15.674576999999978,-0.6591202605265164
15.674576999999978,-0.6710874291084608
15.674576999999978,-0.6556222131078506
15.674576999999978,-0.6495885592858779
15.674576999999978,-0.6740094435233839
15.674576999999978,-0.6549219014907417
15.674576999999978,-0.6632495326338982
15.674576999999978,-0.6507357203212901
15.674576999999978,-0.7028355914364343
15.674576999999978,-0.6597402610615386
15.674576999999978,-0.6506373332291108
15.674576999999978,-0.638339577514187
15.674576999999978,-0.6635190466251046
15.674576999999978,-0.6813285620337889
15.674576999999978,-0.6884678718770735
15.674576999999978,-0.6516065237587548
15.674576999999978,-0.7075749814259891
15.674576999999978,-0.6616815860469979
15.674576999999978,-0.6542621742458871
15.674576999999978,-0.6721782259456586
15.674576999999978,-0.6595421011868295
15.674576999999978,-0.6747301221777852
15.674576999999978,-0.6487708524287716
15.674576999999978,-0.6843353678306381
15.674576999999978,-0.6497396060501431
15.674576999999978,-0.6865001449303436
15.674576999999978,-0.682596579083087
15.674576999999978,-0.6512136978421131
15.674576999999978,-0.6575045565686756
15.674576999999978,-0.6701249736768206
15.674576999999978,-0.6585038739322768
15.674576999999978,-0.6647394256859697
15.674576999999978,-0.6640734834921997
15.674576999999978,-0.6256873263157111
15.674576999999978,-0.6326535403210402
15.674576999999978,-0.7056271731257397
15.674576999999978,-0.6950344365308955
15.674576999999978,-0.635877114800988
15.674576999999978,-0.6328505731923082
15.674576999999978,-0.6590290035009035
15.674576999999978,-0.6839968792024961
15.674576999999978,-0.6506792679293099
15.674576999999978,-0.6658951723252126
15.674576999999978,-0.6706551908319257
15.674576999999978,-0.6629637194216843
15.674576999999978,-0.6452598600350735
15.674576999999978,-0.6665080378898669
15.674576999999978,-0.6562150320372483
15.674576999999978,-0.6493139196318487
15.674576999999978,-0.6729442425478581
15.674576999999978,-0.6485602241969044
15.674576999999978,-0.6513402315273694
15.674576999999978,-0.6792073145645495
15.674576999999978,-0.6591781554196466
15.674576999999978,-0.6593845911647019
15.674576999999978,-0.649210671960715
15.674576999999978,-0.6687325006068238
15.674576999999978,-0.6536717579634935
15.674576999999978,-0.6581599420937844
15.674576999999978,-0.6742551580919872
15.674576999999978,-0.6665192775436021
15.674576999999978,-0.6581845736362558
15.674576999999978,-0.6661255036396019
15.674576999999978,-0.6506229974681647
15.674576999999978,-0.6666329127751844
15.674576999999978,-0.7047277791875333
15.674576999999978,-0.6943183792451204
15.674576999999978,-0.655309395419978
15.674576999999978,-0.6733026266496858
15.674576999999978,-0.6878132089624466
15.674576999999978,-0.6689750085770965
15.674576999999978,-0.6559573541112205
15.674576999999978,-0.6788874401655255
15.674576999999978,-0.6455684531507554
15.674576999999978,-0.6458887128172688
15.674576999999978,-0.6612403320355809
15.674576999999978,-0.6239048869527143
15.674576999999978,-0.6800670254270322
15.674576999999978,-0.6882311902126969
15.674576999999978,-0.6471455987429728
15.674576999999978,-0.6830307592090696
15.674576999999978,-0.6889730230436778
17.53966900000005,-0.6171454159803039
17.53966900000005,-0.6184853135771253
17.53966900000005,-0.6224726796954839
17.53966900000005,-0.6155542766629161
17.53966900000005,-0.6259600718008189
17.53966900000005,-0.6292505598259898
17.53966900000005,-0.6386113427730877
17.53966900000005,-0.6065658122191079
17.53966900000005,-0.621580915868732
17.53966900000005,-0.6497536679242512
17.53966900000005,-0.6264707305692676
17.53966900000005,-0.631291548499536
17.53966900000005,-0.6182044198449259
17.53966900000005,-0.6138005230137439
17.53966900000005,-0.6466757272035919
17.53966900000005,-0.647380389038486
17.53966900000005,-0.6362675418883522
17.53966900000005,-0.6364364401638453
17.53966900000005,-0.6480607545878942
17.53966900000005,-0.5969106176875187
17.53966900000005,-0.6135947103996214
17.53966900000005,-0.6547413455182827
17.53966900000005,-0.6019882592094304
17.53966900000005,-0.6223331956074437
17.53966900000005,-0.6417814479411117
17.53966900000005,-0.6308878252334589
17.53966900000005,-0.6264297089999404
17.53966900000005,-0.6270438607100285
17.53966900000005,-0.6193085096195173
17.53966900000005,-0.6244334121459685
17.53966900000005,-0.6273115050227881
17.53966900000005,-0.6153170569107274
17.53966900000005,-0.6376742656878281
17.53966900000005,-0.6288468761281726
17.53966900000005,-0.614361522761528
17.53966900000005,-0.6288142495465066
17.53966900000005,-0.6237862619173359
17.53966900000005,-0.6487061664106156
17.53966900000005,-0.6253521949358111
17.53966900000005,-0.6468879236011127
17.53966900000005,-0.6145070181897588
17.53966900000005,-0.609044290528521
17.53966900000005,-0.6310298354029856
17.53966900000005,-0.6157261250265542
17.53966900000005,-0.6583981105852992
17.53966900000005,-0.6563119608353728
17.53966900000005,-0.6451882937475523
17.53966900000005,-0.6263028673059362
17.53966900000005,-0.6341951441589907
17.53966900000005,-0.6502583706231274
17.53966900000005,-0.6212506884444579
17.53966900000005,-0.6519738898760553
17.53966900000005,-0.6380547927073953
17.53966900000005,-0.6241331419741097
17.53966900000005,-0.6229768502076073
17.53966900000005,-0.6274701026504244
17.53966900000005,-0.6236938869106874
17.53966900000005,-0.6417823092312283
17.53966900000005,-0.6483584152461345
17.53966900000005,-0.635398352044326
17.53966900000005,-0.6474122468755008
17.53966900000005,-0.6235160446218087
17.53966900000005,-0.6353139422635388
17.53966900000005,-0.6230403246763073
17.53966900000005,-0.6398567529386581
17.53966900000005,-0.6501386988773222
17.53966900000005,-0.6589496688238631
17.53966900000005,-0.6326500860285329
17.53966900000005,-0.6240069933068585
17.53966900000005,-0.6253943402989388
17.53966900000005,-0.6247392200778424
17.53966900000005,-0.6394968531507097
17.53966900000005,-0.6307206058734086
17.53966900000005,-0.6465943943593608
17.53966900000005,-0.6116517076443515
17.53966900000005,-0.6302281905490176
17.53966900000005,-0.6464126387082915
17.53966900000005,-0.6113113467506649
17.53966900000005,-0.6108383459275865
17.53966900000005,-0.6512656727306473
17.53966900000005,-0.6135447061311363
17.53966900000005,-0.6242284745610104
17.53966900000005,-0.6407717349884672
17.53966900000005,-0.636294654192887
17.53966900000005,-0.6489377415759846
17.53966900000005,-0.6450473091372985
17.53966900000005,-0.6127666436519709
17.53966900000005,-0.609608759393211
17.53966900000005,-0.6331101418884338
17.53966900000005,-0.6408690849169678
17.53966900000005,-0.6428915914352622
17.53966900000005,-0.6676479717574503
17.53966900000005,-0.6301955831510356
17.53966900000005,-0.6307976415324335
17.53966900000005,-0.6208120958343984
17.53966900000005,-0.6214821131670174
17.53966900000005,-0.6361921918564192
17.53966900000005,-0.6159718138319104
17.53966900000005,-0.6292130483279956
17.53966900000005,-0.6459488014438818
19.521258000000067,-0.5575286446791705
19.521258000000067,-0.5878908600206765
19.521258000000067,-0.5630122941362239
19.521258000000067,-0.5838894902411401
19.521258000000067,-0.5978780248474708
19.521258000000067,-0.587926681057809
19.521258000000067,-0.588826195653815
19.521258000000067,-0.597278933427617
19.521258000000067,-0.5739223131794893
19.521258000000067,-0.5711436770897848
19.521258000000067,-0.5822393067561755
19.521258000000067,-0.6068622361086068
19.521258000000067,-0.6009813382072425
19.521258000000067,-0.5740602040777807
19.521258000000067,-0.5676657186484609
19.521258000000067,-0.5903334470158276
19.521258000000067,-0.5875341049569262
19.521258000000067,-0.5845547109744805
19.521258000000067,-0.598699597213225
19.521258000000067,-0.5838294019064341
19.521258000000067,-0.5720936463454787
19.521258000000067,-0.5796340155289311
19.521258000000067,-0.6089010472154537
19.521258000000067,-0.5872878577090791
19.521258000000067,-0.5690746767383814
19.521258000000067,-0.6120125481836737
19.521258000000067,-0.5814127198308311
19.521258000000067,-0.5985969466674554
19.521258000000067,-0.5848727367358282
19.521258000000067,-0.5654644697618443
19.521258000000067,-0.5816920262554532
19.521258000000067,-0.5867235474192009
19.521258000000067,-0.5598668092360655
19.521258000000067,-0.5991083886089056
19.521258000000067,-0.6064688528616856
19.521258000000067,-0.5692232474377059
19.521258000000067,-0.577579644939525
19.521258000000067,-0.5959298315362185
19.521258000000067,-0.5838426998105358
19.521258000000067,-0.5962023899332347
19.521258000000067,-0.5998558888819074
19.521258000000067,-0.5785048368125654
19.521258000000067,-0.5876942389874995
19.521258000000067,-0.5835242687134995
19.521258000000067,-0.5667828631621746
19.521258000000067,-0.596478742199394
19.521258000000067,-0.5856091497784519
19.521258000000067,-0.6011889096820094
19.521258000000067,-0.6032876729001455
19.521258000000067,-0.5740122948220695
19.521258000000067,-0.5554571622447594
19.521258000000067,-0.603460014202018
19.521258000000067,-0.6039519380321726
19.521258000000067,-0.6129704647187407
19.521258000000067,-0.5714089907828482
19.521258000000067,-0.5673785929606876
19.521258000000067,-0.5876917270765633
19.521258000000067,-0.56165785437949
19.521258000000067,-0.5955404766326307
19.521258000000067,-0.5844330243732537
19.521258000000067,-0.5987151856683066
19.521258000000067,-0.5777801306220407
19.521258000000067,-0.6078030415842098
19.521258000000067,-0.5570550730002098
19.521258000000067,-0.596878960115736
19.521258000000067,-0.5782961756702454
19.521258000000067,-0.5817105983715066
19.521258000000067,-0.5971623472103637
19.521258000000067,-0.585384999670989
19.521258000000067,-0.5925180473316994
19.521258000000067,-0.5825253009956443
19.521258000000067,-0.59125028559072
19.521258000000067,-0.5812730426003926
19.521258000000067,-0.5684039131283823
19.521258000000067,-0.5804316226126405
19.521258000000067,-0.5908853908073737
19.521258000000067,-0.5956205876643726
19.521258000000067,-0.5873322759247303
19.521258000000067,-0.6229304719522191
19.521258000000067,-0.5935067499632305
19.521258000000067,-0.6003122648861616
19.521258000000067,-0.6129398266350463
19.521258000000067,-0.5807248105307595
19.521258000000067,-0.593248421628902
19.521258000000067,-0.5924684707427187
19.521258000000067,-0.5997929165709558
19.521258000000067,-0.5620028738766317
19.521258000000067,-0.5649466769815845
19.521258000000067,-0.6026660366035923
19.521258000000067,-0.5725132675297168
19.521258000000067,-0.5889470918818257
19.521258000000067,-0.5932245799564976
19.521258000000067,-0.5631167000359407
19.521258000000067,-0.5849359760692442
19.521258000000067,-0.5932987846171269
19.521258000000067,-0.6007505116103171
19.521258000000067,-0.5824570185722268
19.521258000000067,-0.6011343470478799
19.521258000000067,-0.5858477892928131
19.521258000000067,-0.5983203897545288
21.61651300000008,-0.5717065159829017
21.61651300000008,-0.5858563275774132
21.61651300000008,-0.5540394465633942
21.61651300000008,-0.542311490589674
21.61651300000008,-0.5607069041141333
21.61651300000008,-0.5687722548503866
21.61651300000008,-0.575351264951059
21.61651300000008,-0.5735869582469174
21.61651300000008,-0.5670522297897991
21.61651300000008,-0.5687251298863856
21.61651300000008,-0.5796215072562317
21.61651300000008,-0.5810636458559346
21.61651300000008,-0.565672360765488
21.61651300000008,-0.5484193864699571
21.61651300000008,-0.5734873387098762
21.61651300000008,-0.5585102927810274
21.61651300000008,-0.5714288780634931
21.61651300000008,-0.5619500681461713
21.61651300000008,-0.5745861355860737
21.61651300000008,-0.5465287443200367
21.61651300000008,-0.5603383371296558
21.61651300000008,-0.5626027874606012
21.61651300000008,-0.568750201681475
21.61651300000008,-0.5721594052655844
21.61651300000008,-0.5648477857504688
21.61651300000008,-0.5720775694784083
21.61651300000008,-0.5751618441222185
21.61651300000008,-0.5547133629790928
21.61651300000008,-0.5932493052467235
21.61651300000008,-0.5861571307283556
21.61651300000008,-0.5773692374151143
21.61651300000008,-0.5712695461252335
21.61651300000008,-0.5681535667458846
21.61651300000008,-0.5679012659318182
21.61651300000008,-0.5706869034445462
21.61651300000008,-0.5783411397010777
21.61651300000008,-0.5620149797192205
21.61651300000008,-0.5652987792785358
21.61651300000008,-0.5496232254365784
21.61651300000008,-0.5734969790143037
21.61651300000008,-0.5794339550281024
21.61651300000008,-0.5610472673316038
21.61651300000008,-0.5634341246600947
21.61651300000008,-0.5744767550285637
21.61651300000008,-0.5756144070942383
21.61651300000008,-0.5693594691204001
21.61651300000008,-0.5684516168101625
21.61651300000008,-0.5830008863573036
21.61651300000008,-0.5681458808575656
21.61651300000008,-0.551676051733
21.61651300000008,-0.5968433432937315
21.61651300000008,-0.5503472332919164
21.61651300000008,-0.6009313389544351
21.61651300000008,-0.6047880799097933
21.61651300000008,-0.5789047195102276
21.61651300000008,-0.5572517641197524
21.61651300000008,-0.5695138845259794
21.61651300000008,-0.5878951279609513
21.61651300000008,-0.5726117292326457
21.61651300000008,-0.5744237222751658
21.61651300000008,-0.5699966464725531
21.61651300000008,-0.5867730231022795
21.61651300000008,-0.5645945885277469
21.61651300000008,-0.5683993092995039
21.61651300000008,-0.5577631509193373
21.61651300000008,-0.5682442274200983
21.61651300000008,-0.5736056559256114
21.61651300000008,-0.5617395915039217
21.61651300000008,-0.5753564428791083
21.61651300000008,-0.5697947720560915
21.61651300000008,-0.5717661002222155
21.61651300000008,-0.5930402910407949
21.61651300000008,-0.5578439020360901
21.61651300000008,-0.5782761173056894
21.61651300000008,-0.5511247928449012
21.61651300000008,-0.558946365841405
21.61651300000008,-0.5487803158163443
21.61651300000008,-0.577680188162343
21.61651300000008,-0.5797557117148926
21.61651300000008,-0.580940632065394
21.61651300000008,-0.5437779004589278
21.61651300000008,-0.5627554786495227
21.61651300000008,-0.5929379321678321
21.61651300000008,-0.561585968430382
21.61651300000008,-0.5594678932218713
21.61651300000008,-0.551179912579803
21.61651300000008,-0.557989392141691
21.61651300000008,-0.5515769810372386
21.61651300000008,-0.5773422885930546
21.61651300000008,-0.5628322521600381
21.61651300000008,-0.5740511620083649
21.61651300000008,-0.5750673832887805
21.61651300000008,-0.5606489799692126
21.61651300000008,-0.5667656689772389
21.61651300000008,-0.5761824658848886
21.61651300000008,-0.547475814825127
21.61651300000008,-0.5767425293096186
21.61651300000008,-0.5715494896118835
21.61651300000008,-0.5805241533283547
21.61651300000008,-0.5540072944583126
23.8280560000001,-0.5409197182166015
23.8280560000001,-0.5554094941376362
23.8280560000001,-0.5607526814191434
23.8280560000001,-0.5492352822336217
23.8280560000001,-0.5529919896966825
23.8280560000001,-0.5534496385751733
23.8280560000001,-0.559906074566085
23.8280560000001,-0.5887781855667911
23.8280560000001,-0.5526354600223028
23.8280560000001,-0.5424796659281859
23.8280560000001,-0.5684478156778938
23.8280560000001,-0.5696345788968608
23.8280560000001,-0.5355251457034036
23.8280560000001,-0.536404383117173
23.8280560000001,-0.5524058546518753
23.8280560000001,-0.5663803453975876
23.8280560000001,-0.5634252142125884
23.8280560000001,-0.5263265046306123
23.8280560000001,-0.5710424459235818
23.8280560000001,-0.5640414220506775
23.8280560000001,-0.5398570482793406
23.8280560000001,-0.5497777325290538
23.8280560000001,-0.5616688292519393
23.8280560000001,-0.5823429863471284
23.8280560000001,-0.5714312366345188
23.8280560000001,-0.5517942478465632
23.8280560000001,-0.5245308852387567
23.8280560000001,-0.5634411008125765
23.8280560000001,-0.5334895677925875
23.8280560000001,-0.5597857140187698
23.8280560000001,-0.5602003745996575
23.8280560000001,-0.5556508393756693
23.8280560000001,-0.5535747206311126
23.8280560000001,-0.5726212172166901
23.8280560000001,-0.5684678152764241
23.8280560000001,-0.5522173725654921
23.8280560000001,-0.5735919170406026
23.8280560000001,-0.5276189128503946
23.8280560000001,-0.5497619951588372
23.8280560000001,-0.5616625323783255
23.8280560000001,-0.5663192994830719
23.8280560000001,-0.5620973474393549
23.8280560000001,-0.532069832857337
23.8280560000001,-0.5678674582859478
23.8280560000001,-0.5454282066958706
23.8280560000001,-0.5506129430326552
23.8280560000001,-0.5719608020548471
23.8280560000001,-0.5620800098839868
23.8280560000001,-0.5846405149578954
23.8280560000001,-0.5654564232921909
23.8280560000001,-0.5563860682660298
23.8280560000001,-0.5463285487872318
23.8280560000001,-0.546139980383371
23.8280560000001,-0.5411475695111372
23.8280560000001,-0.5622967180484586
23.8280560000001,-0.5680385158951806
23.8280560000001,-0.5504224575378321
23.8280560000001,-0.5888995692492597
23.8280560000001,-0.5576279423406206
23.8280560000001,-0.5818134356694294
23.8280560000001,-0.5527118438399764
23.8280560000001,-0.5729774856198073
23.8280560000001,-0.5752191967081988
23.8280560000001,-0.5422676447413125
23.8280560000001,-0.551537730816798
23.8280560000001,-0.5476374674437701
23.8280560000001,-0.5654095711656559
23.8280560000001,-0.5785736416159685
23.8280560000001,-0.5496320185938439
23.8280560000001,-0.5524137330975616
23.8280560000001,-0.5294873833639021
23.8280560000001,-0.5363906178939848
23.8280560000001,-0.5607872507217722
23.8280560000001,-0.559634217722151
23.8280560000001,-0.5605425920320187
23.8280560000001,-0.5410329846703926
23.8280560000001,-0.5513982141763663
23.8280560000001,-0.5663242998332342
23.8280560000001,-0.5585596595737633
23.8280560000001,-0.5693583215829513
23.8280560000001,-0.5705742482671005
23.8280560000001,-0.5696409637639209
23.8280560000001,-0.5613052216990194
23.8280560000001,-0.5427493657183867
23.8280560000001,-0.5723656664563045
23.8280560000001,-0.5497535735932211
23.8280560000001,-0.5760063852945851
23.8280560000001,-0.5516798746820847
23.8280560000001,-0.573675203926703
23.8280560000001,-0.5648851896145415
23.8280560000001,-0.5695491232060023
23.8280560000001,-0.5843227116803682
23.8280560000001,-0.550617471722207
23.8280560000001,-0.5621307686015476
23.8280560000001,-0.5586168158948286
23.8280560000001,-0.576675226957026
23.8280560000001,-0.5557567724362467
23.8280560000001,-0.5726667863935838
23.8280560000001,-0.5781212331122493
23.8280560000001,-0.5718836117874662
26.176326000000014,-0.5989484249956251
26.176326000000014,-0.575515004930649
26.176326000000014,-0.596681970599042
26.176326000000014,-0.5920901707148116
26.176326000000014,-0.5975044781979845
26.176326000000014,-0.5735053269090218
26.176326000000014,-0.5864685178063834
26.176326000000014,-0.6004815899677277
26.176326000000014,-0.567976916077667
26.176326000000014,-0.5922904360066662
26.176326000000014,-0.605698359597511
26.176326000000014,-0.5821149306233231
26.176326000000014,-0.604146185123695
26.176326000000014,-0.5730541217674237
26.176326000000014,-0.5646057645234233
26.176326000000014,-0.5937410888569369
26.176326000000014,-0.5842941511422671
26.176326000000014,-0.5758955885000786
26.176326000000014,-0.5746165107515172
26.176326000000014,-0.5694472522226138
26.176326000000014,-0.5921197875843043
26.176326000000014,-0.5982184550111737
26.176326000000014,-0.6023438964307365
26.176326000000014,-0.5911574975981189
26.176326000000014,-0.6059800911109043
26.176326000000014,-0.6195249388734315
26.176326000000014,-0.6080614744659721
26.176326000000014,-0.5814069644764369
26.176326000000014,-0.5964715558896313
26.176326000000014,-0.5876232272712004
26.176326000000014,-0.58857236852912
26.176326000000014,-0.5755404774572644
26.176326000000014,-0.5896831287576686
26.176326000000014,-0.5739480683326537
26.176326000000014,-0.5659082303613309
26.176326000000014,-0.6016130304658841
26.176326000000014,-0.5748060497764262
26.176326000000014,-0.5743718524521643
26.176326000000014,-0.6037121312639426
26.176326000000014,-0.5881558519773543
26.176326000000014,-0.587965081149058
26.176326000000014,-0.6090408611269998
26.176326000000014,-0.5910994284325551
26.176326000000014,-0.5856337228895727
26.176326000000014,-0.5723093079372138
26.176326000000014,-0.5742746304000043
26.176326000000014,-0.5833821044462048
26.176326000000014,-0.5872550517081324
26.176326000000014,-0.5838725235661661
26.176326000000014,-0.5921227859110192
26.176326000000014,-0.5792171109004952
26.176326000000014,-0.5988386780039221
26.176326000000014,-0.610286993948269
26.176326000000014,-0.5943815815579179
26.176326000000014,-0.6032548230094474
26.176326000000014,-0.5974688309033839
26.176326000000014,-0.5889146780734736
26.176326000000014,-0.5844120816332213
26.176326000000014,-0.6118093728580446
26.176326000000014,-0.5906384916946944
26.176326000000014,-0.5940306264042735
26.176326000000014,-0.5894717674091688
26.176326000000014,-0.560097520362171
26.176326000000014,-0.5828742963733787
26.176326000000014,-0.5929360154526706
26.176326000000014,-0.5824301532306206
26.176326000000014,-0.5726542902771812
26.176326000000014,-0.5922563032428936
26.176326000000014,-0.5921594630051459
26.176326000000014,-0.5967586895104083
26.176326000000014,-0.5954623331719618
26.176326000000014,-0.5741489709058525
26.176326000000014,-0.5713509150309264
26.176326000000014,-0.5703647063530299
26.176326000000014,-0.6022073160538571
26.176326000000014,-0.6067421309204405
26.176326000000014,-0.5993756407579243
26.176326000000014,-0.5804259927307049
26.176326000000014,-0.5940225557587263
26.176326000000014,-0.5711178962517497
26.176326000000014,-0.6077424110534919
26.176326000000014,-0.5827310369239351
26.176326000000014,-0.5873659404235488
26.176326000000014,-0.6000053638242594
26.176326000000014,-0.5914632078696934
26.176326000000014,-0.5801088650685271
26.176326000000014,-0.5919508173213512
26.176326000000014,-0.6026470612948129
26.176326000000014,-0.5993770621958874
26.176326000000014,-0.5822618711770602
26.176326000000014,-0.589751144707266
26.176326000000014,-0.5822250171154063
26.176326000000014,-0.5949697109138331
26.176326000000014,-0.5755596725965193
26.176326000000014,-0.5865620181682973
26.176326000000014,-0.5889590165473009
26.176326000000014,-0.5854155795189733
26.176326000000014,-0.5704436546167275
26.176326000000014,-0.5729967569410097
26.176326000000014,-0.5996804269813709
28.70106400000003,-0.5906560832797632
28.70106400000003,-0.6094642384214595
28.70106400000003,-0.6300076895601306
28.70106400000003,-0.5996700817332381
28.70106400000003,-0.5996215273943989
28.70106400000003,-0.5869852348772867
28.70106400000003,-0.5789458839418191
28.70106400000003,-0.6251509897908727
28.70106400000003,-0.6095235065383546
28.70106400000003,-0.5858273894809254
28.70106400000003,-0.6070003462115999
28.70106400000003,-0.6050502520181674
28.70106400000003,-0.5988963961975992
28.70106400000003,-0.6053844017066624
28.70106400000003,-0.6152243506114978
28.70106400000003,-0.6146929059798766
28.70106400000003,-0.6050169005795483
28.70106400000003,-0.6093054888245008
28.70106400000003,-0.5897842969912689
28.70106400000003,-0.6066062533852922
28.70106400000003,-0.58894190988266
28.70106400000003,-0.6000146983185772
28.70106400000003,-0.6007197314550209
28.70106400000003,-0.6166771035625253
28.70106400000003,-0.5939053670633582
28.70106400000003,-0.5867613026274286
28.70106400000003,-0.6172581936306553
28.70106400000003,-0.6081832039663112
28.70106400000003,-0.6221531665247992
28.70106400000003,-0.5912014813623107
28.70106400000003,-0.6130235356126388
28.70106400000003,-0.5988561293093982
28.70106400000003,-0.6029936858197272
28.70106400000003,-0.60499974306391
28.70106400000003,-0.6184822977565116
28.70106400000003,-0.6141643161921138
28.70106400000003,-0.6268303171595
28.70106400000003,-0.5913982931081594
28.70106400000003,-0.6057074745149112
28.70106400000003,-0.6153374295767217
28.70106400000003,-0.607857645249911
28.70106400000003,-0.6108619087487023
28.70106400000003,-0.6142772789733395
28.70106400000003,-0.6077582907485245
28.70106400000003,-0.5955779274270112
28.70106400000003,-0.6397060053044553
28.70106400000003,-0.597057846662094
28.70106400000003,-0.6091070737343278
28.70106400000003,-0.6037733903132193
28.70106400000003,-0.6078751624869009
28.70106400000003,-0.6017571395951926
28.70106400000003,-0.5926089870845151
28.70106400000003,-0.5805878971930033
28.70106400000003,-0.6093166418475436
28.70106400000003,-0.6174798829950858
28.70106400000003,-0.6028187319074371
28.70106400000003,-0.6250701722766272
28.70106400000003,-0.6099006824090705
28.70106400000003,-0.6191742044419518
28.70106400000003,-0.6024625757205817
28.70106400000003,-0.6081104010041056
28.70106400000003,-0.6009201037365026
28.70106400000003,-0.6159095819249333
28.70106400000003,-0.6030730680860745
28.70106400000003,-0.6215597044174287
28.70106400000003,-0.6093922830890314
28.70106400000003,-0.6059780471606178
28.70106400000003,-0.5975117925090659
28.70106400000003,-0.6143769665097408
28.70106400000003,-0.5807728967707462
28.70106400000003,-0.5948705069456879
28.70106400000003,-0.6299144853952855
28.70106400000003,-0.6239156401461182
28.70106400000003,-0.6134385351871402
28.70106400000003,-0.6090309304106035
28.70106400000003,-0.600064424337848
28.70106400000003,-0.5911505011542039
28.70106400000003,-0.608192345763045
28.70106400000003,-0.5983313057305939
28.70106400000003,-0.5806722335996333
28.70106400000003,-0.5904188382679588
28.70106400000003,-0.6019555967962359
28.70106400000003,-0.6227154731262823
28.70106400000003,-0.5872625381695624
28.70106400000003,-0.6111625339351445
28.70106400000003,-0.6120812161744201
28.70106400000003,-0.611708940346049
28.70106400000003,-0.6131913041021364
28.70106400000003,-0.600351455935124
28.70106400000003,-0.6038362164003418
28.70106400000003,-0.6159890128977976
28.70106400000003,-0.6104813172667275
28.70106400000003,-0.6034086487049984
28.70106400000003,-0.6091368960395428
28.70106400000003,-0.5895725169635724
28.70106400000003,-0.5963430774530378
28.70106400000003,-0.5917264296734867
28.70106400000003,-0.5992171137951694
28.70106400000003,-0.5958611292113087
28.70106400000003,-0.6105207689434571
31.40384899999995,-0.6421762709508525
31.40384899999995,-0.6250750269520849
31.40384899999995,-0.6593369287183203
31.40384899999995,-0.6578082964968127
31.40384899999995,-0.6552846338096138
31.40384899999995,-0.615908557475006
31.40384899999995,-0.610498976206126
31.40384899999995,-0.636869768216994
31.40384899999995,-0.6479226463367616
31.40384899999995,-0.6290966876649616
31.40384899999995,-0.648917322514516
31.40384899999995,-0.6681923615384201
31.40384899999995,-0.6359301636394318
31.40384899999995,-0.6286772030377111
31.40384899999995,-0.6123104520677217
31.40384899999995,-0.6317181197274381
31.40384899999995,-0.6319840658052762
31.40384899999995,-0.6217561365040943
31.40384899999995,-0.6156330836965945
31.40384899999995,-0.6301699698387602
31.40384899999995,-0.6406348020569905
31.40384899999995,-0.6360748672052998
31.40384899999995,-0.6437654427016377
31.40384899999995,-0.641706570400964
31.40384899999995,-0.6345449885111563
31.40384899999995,-0.6442562388237499
31.40384899999995,-0.6344892558427275
31.40384899999995,-0.5992162619906818
31.40384899999995,-0.6792307814294504
31.40384899999995,-0.6333326225245756
31.40384899999995,-0.6215348874903078
31.40384899999995,-0.6108427494324981
31.40384899999995,-0.6440723419927741
31.40384899999995,-0.6234870464735794
31.40384899999995,-0.6056778602969504
31.40384899999995,-0.6198684531985951
31.40384899999995,-0.6232840403740657
31.40384899999995,-0.6280382436469496
31.40384899999995,-0.6590869772673061
31.40384899999995,-0.6343419546075038
31.40384899999995,-0.6465239354203982
31.40384899999995,-0.6324180326023618
31.40384899999995,-0.60738053191531
31.40384899999995,-0.6159361208279813
31.40384899999995,-0.6339669805444852
31.40384899999995,-0.651960741611389
31.40384899999995,-0.6338716551019711
31.40384899999995,-0.6062737680371192
31.40384899999995,-0.6472389036008831
31.40384899999995,-0.6237482551117736
31.40384899999995,-0.6322116106431663
31.40384899999995,-0.6465565710617641
31.40384899999995,-0.6299661278691879
31.40384899999995,-0.6279357034473189
31.40384899999995,-0.6242175077514198
31.40384899999995,-0.6314593261733901
31.40384899999995,-0.628406797337468
31.40384899999995,-0.6263177297430843
31.40384899999995,-0.6068030150660939
31.40384899999995,-0.6233091653407783
31.40384899999995,-0.6438408978585752
31.40384899999995,-0.6064385828817531
31.40384899999995,-0.6490584372813561
31.40384899999995,-0.65799530095604
31.40384899999995,-0.6379411227485217
31.40384899999995,-0.6294789359753242
31.40384899999995,-0.6135753299964575
31.40384899999995,-0.6330674985516613
31.40384899999995,-0.6307918798952744
31.40384899999995,-0.622259630603192
31.40384899999995,-0.6069473174822689
31.40384899999995,-0.6236498733019294
31.40384899999995,-0.6309602748027702
31.40384899999995,-0.6317313477879962
31.40384899999995,-0.624486905362341
31.40384899999995,-0.6308531480546893
31.40384899999995,-0.6388979497817149
31.40384899999995,-0.6162228238985422
31.40384899999995,-0.653555611948792
31.40384899999995,-0.6044266792813257
31.40384899999995,-0.6286282517881133
31.40384899999995,-0.6394700783828752
31.40384899999995,-0.6648603083695711
31.40384899999995,-0.6249825433226399
31.40384899999995,-0.607088714532543
31.40384899999995,-0.6331540423395554
31.40384899999995,-0.6173526544932015
31.40384899999995,-0.6376695060442374
31.40384899999995,-0.6257637293334333
31.40384899999995,-0.6467229593594169
31.40384899999995,-0.6406315229689695
31.40384899999995,-0.6043298757802704
31.40384899999995,-0.6448657880084078
31.40384899999995,-0.6173904477990134
31.40384899999995,-0.6479417979338248
31.40384899999995,-0.6396195138693094
31.40384899999995,-0.6305047421136589
31.40384899999995,-0.6303032660646736
31.40384899999995,-0.6379940563503383
31.40384899999995,-0.6384848790087039
34.343736999999976,-0.6607845783195814
34.343736999999976,-0.665594116040196
34.343736999999976,-0.6701387089388929
34.343736999999976,-0.6672328028579481
34.343736999999976,-0.6481981962196001
34.343736999999976,-0.6783932859028724
34.343736999999976,-0.6793006401146474
34.343736999999976,-0.6843926933930913
34.343736999999976,-0.6876587210868894
34.343736999999976,-0.6789645077170867
34.343736999999976,-0.6693236984149923
34.343736999999976,-0.6682685302169765
34.343736999999976,-0.6717805928983794
34.343736999999976,-0.6787863725120729
34.343736999999976,-0.6612012246879826
34.343736999999976,-0.6880790054970367
34.343736999999976,-0.6807360118520318
34.343736999999976,-0.6844707561611334
34.343736999999976,-0.6857890855586065
34.343736999999976,-0.6781719504627434
34.343736999999976,-0.66190940066169
34.343736999999976,-0.6819291925649181
34.343736999999976,-0.6788930849757421
34.343736999999976,-0.684748792202653
34.343736999999976,-0.6723049712386512
34.343736999999976,-0.666567989800242
34.343736999999976,-0.6890337960915809
34.343736999999976,-0.6668986331935225
34.343736999999976,-0.6894399975503359
34.343736999999976,-0.6644116242280599
34.343736999999976,-0.6760149631418159
34.343736999999976,-0.6687799524571696
34.343736999999976,-0.6876691716597387
34.343736999999976,-0.6788547731717577
34.343736999999976,-0.6847192487515055
34.343736999999976,-0.681846208574994
34.343736999999976,-0.6433248341658895
34.343736999999976,-0.6712669957316706
34.343736999999976,-0.6551977378467893
34.343736999999976,-0.6707032006627958
34.343736999999976,-0.6974773148884182
34.343736999999976,-0.668532035905048
34.343736999999976,-0.6496619165015388
34.343736999999976,-0.6822681147340264
34.343736999999976,-0.6754516175672602
34.343736999999976,-0.6758063584678518
34.343736999999976,-0.6431015121910025
34.343736999999976,-0.6594600056474448
34.343736999999976,-0.694746848843244
34.343736999999976,-0.6508435719004952
34.343736999999976,-0.6823883876708845
34.343736999999976,-0.6771498919207786
34.343736999999976,-0.6541156756289547
34.343736999999976,-0.6730943958275218
34.343736999999976,-0.6896172699258802
34.343736999999976,-0.6668947569039712
34.343736999999976,-0.67909256238644
34.343736999999976,-0.6770943477032605
34.343736999999976,-0.648616060517906
34.343736999999976,-0.6682904690472556
34.343736999999976,-0.6502426012525181
34.343736999999976,-0.6671095334505331
34.343736999999976,-0.6881644873461046
34.343736999999976,-0.6818546595495016
34.343736999999976,-0.648112661806813
34.343736999999976,-0.6727307256516345
34.343736999999976,-0.6832238732398817
34.343736999999976,-0.6858410965271733
34.343736999999976,-0.6741208756781395
34.343736999999976,-0.6588930731803607
34.343736999999976,-0.6695196399641357
34.343736999999976,-0.6807615220144415
34.343736999999976,-0.6849163839202462
34.343736999999976,-0.6846802337903161
34.343736999999976,-0.6929501914449906
34.343736999999976,-0.6576920402253928
34.343736999999976,-0.6714529230002148
34.343736999999976,-0.6535578169566173
34.343736999999976,-0.6680539864629407
34.343736999999976,-0.6559580549207117
34.343736999999976,-0.6726119512525012
34.343736999999976,-0.6564108997498138
34.343736999999976,-0.6508570280150479
34.343736999999976,-0.7022048464543315
34.343736999999976,-0.6899088556338462
34.343736999999976,-0.6954610445202755
34.343736999999976,-0.6790621196987447
34.343736999999976,-0.6749702003229966
34.343736999999976,-0.6728362073197364
34.343736999999976,-0.6782383767593588
34.343736999999976,-0.673702817863698
34.343736999999976,-0.6810112806354834
34.343736999999976,-0.6673106431020823
34.343736999999976,-0.684475229916713
34.343736999999976,-0.6806830650791821
34.343736999999976,-0.6693179624771091
34.343736999999976,-0.6638225071595504
34.343736999999976,-0.7012701985813933
34.343736999999976,-0.6647170126367042
34.343736999999976,-0.6769487521940226
37.57820199999998,-0.6996161753816823
37.57820199999998,-0.7270595132088318
37.57820199999998,-0.7007379120889228
37.57820199999998,-0.6966138369832856
37.57820199999998,-0.6947237802338034
37.57820199999998,-0.7088507252594277
37.57820199999998,-0.7192529584537948
37.57820199999998,-0.7253874738185729
37.57820199999998,-0.6989428732211348
37.57820199999998,-0.7108173441372125
37.57820199999998,-0.7008263009935546
37.57820199999998,-0.70552064030035
37.57820199999998,-0.69686640791296
37.57820199999998,-0.7005308389981183
37.57820199999998,-0.6981770005338582
37.57820199999998,-0.7160252138650426
37.57820199999998,-0.7098844917145635
37.57820199999998,-0.7208743144813856
37.57820199999998,-0.7240176317198552
37.57820199999998,-0.7034637487384862
37.57820199999998,-0.7003968926655534
37.57820199999998,-0.6993285906104861
37.57820199999998,-0.7051965351947331
37.57820199999998,-0.7088574129149018
37.57820199999998,-0.693145646123107
37.57820199999998,-0.6951526834951801
37.57820199999998,-0.6978367688492613
37.57820199999998,-0.7019974194022475
37.57820199999998,-0.7040116964608757
37.57820199999998,-0.7108581495855566
37.57820199999998,-0.6898854281376468
37.57820199999998,-0.7190770744216662
37.57820199999998,-0.6944618694891426
37.57820199999998,-0.7025624897086695
37.57820199999998,-0.6982079843319329
37.57820199999998,-0.7105727241465182
37.57820199999998,-0.722244846561111
37.57820199999998,-0.7187561354915883
37.57820199999998,-0.6937963041757554
37.57820199999998,-0.7162787396422129
37.57820199999998,-0.7062196085248502
37.57820199999998,-0.713530506476473
37.57820199999998,-0.6965217279222451
37.57820199999998,-0.6998981067134635
37.57820199999998,-0.7113360425987677
37.57820199999998,-0.7071464009901692
37.57820199999998,-0.7127313449673863
37.57820199999998,-0.700939705477876
37.57820199999998,-0.6989903946769999
37.57820199999998,-0.7116074175317383
37.57820199999998,-0.6943825706764131
37.57820199999998,-0.7038018769002152
37.57820199999998,-0.694799245034197
37.57820199999998,-0.7144852457658644
37.57820199999998,-0.7163564539030682
37.57820199999998,-0.708386871819772
37.57820199999998,-0.7189961387463949
37.57820199999998,-0.7100736845307597
37.57820199999998,-0.6923915663117832
37.57820199999998,-0.7224821093003764
37.57820199999998,-0.7031845821994228
37.57820199999998,-0.6994954394557921
37.57820199999998,-0.7105968317069421
37.57820199999998,-0.7214719015203653
37.57820199999998,-0.7115716334818382
37.57820199999998,-0.6993240258035974
37.57820199999998,-0.6941797064066396
37.57820199999998,-0.7040415989850315
37.57820199999998,-0.7175822968582033
37.57820199999998,-0.6873833957043948
37.57820199999998,-0.7272699229367512
37.57820199999998,-0.7068912017385052
37.57820199999998,-0.6970431299312034
37.57820199999998,-0.7151331550762097
37.57820199999998,-0.6740109432139699
37.57820199999998,-0.7332259555241571
37.57820199999998,-0.6878747000648225
37.57820199999998,-0.7051052534158204
37.57820199999998,-0.71469757101687
37.57820199999998,-0.7034694383223942
37.57820199999998,-0.7065546136039423
37.57820199999998,-0.7033650759915815
37.57820199999998,-0.7010018239920982
37.57820199999998,-0.7067784886572519
37.57820199999998,-0.7009737062964918
37.57820199999998,-0.7063169941885153
37.57820199999998,-0.7032322966902673
37.57820199999998,-0.6906356946746123
37.57820199999998,-0.7028630120041799
37.57820199999998,-0.7202296372732314
37.57820199999998,-0.7140054709340472
37.57820199999998,-0.7217675077346016
37.57820199999998,-0.7149097644253278
37.57820199999998,-0.6989951268140154
37.57820199999998,-0.6988496152658585
37.57820199999998,-0.702654215427079
37.57820199999998,-0.7233309490999061
37.57820199999998,-0.6834852193195682
37.57820199999998,-0.7096324967129493
37.57820199999998,-0.7001317310661621
41.14062599999983,-0.7188479225296711
41.14062599999983,-0.7013635582554298
41.14062599999983,-0.7133057482635461
41.14062599999983,-0.7379007000528496
41.14062599999983,-0.7154188411791625
41.14062599999983,-0.7147890515490408
41.14062599999983,-0.7339140982240677
41.14062599999983,-0.7201762609835386
41.14062599999983,-0.741663873733365
41.14062599999983,-0.717006236027488
41.14062599999983,-0.7088531459838255
41.14062599999983,-0.7248049534453905
41.14062599999983,-0.7119399697671515
41.14062599999983,-0.7192441411878943
41.14062599999983,-0.7123586668732215
41.14062599999983,-0.7256749087212577
41.14062599999983,-0.7277606888439878
41.14062599999983,-0.700223617198593
41.14062599999983,-0.714387803096877
41.14062599999983,-0.7074103754807173
41.14062599999983,-0.7222456923422429
41.14062599999983,-0.7237001360925785
41.14062599999983,-0.7322952670952513
41.14062599999983,-0.6913657744896934
41.14062599999983,-0.7291540393436252
41.14062599999983,-0.7135823555152079
41.14062599999983,-0.7303398104183233
41.14062599999983,-0.7121933605909917
41.14062599999983,-0.7026086847881315
41.14062599999983,-0.7065637591026035
41.14062599999983,-0.7060354580735897
41.14062599999983,-0.7143616292694771
41.14062599999983,-0.7096779324069732
41.14062599999983,-0.7004221257701547
41.14062599999983,-0.7132097932759301
41.14062599999983,-0.7209029476962154
41.14062599999983,-0.7139512107370589
41.14062599999983,-0.7271167809626641
41.14062599999983,-0.7028758699484795
41.14062599999983,-0.7131673184028574
41.14062599999983,-0.7216236117233219
41.14062599999983,-0.7183403627041361
41.14062599999983,-0.7079766752855144
41.14062599999983,-0.7052266243238009
41.14062599999983,-0.7148083467183716
41.14062599999983,-0.7306383400954433
41.14062599999983,-0.7057168224962714
41.14062599999983,-0.7424632116775518
41.14062599999983,-0.6881073868880248
41.14062599999983,-0.727491852704826
41.14062599999983,-0.7215838312434941
41.14062599999983,-0.7242011791437579
41.14062599999983,-0.703558075079794
41.14062599999983,-0.7390482915377597
41.14062599999983,-0.7115203904966526
41.14062599999983,-0.7073457295955239
41.14062599999983,-0.6989931920278476
41.14062599999983,-0.712177443728944
41.14062599999983,-0.7094129126845706
41.14062599999983,-0.7020361892143621
41.14062599999983,-0.6965422473058401
41.14062599999983,-0.7326003107944827
41.14062599999983,-0.7157783063648279
41.14062599999983,-0.7273079881478918
41.14062599999983,-0.72479938023266
41.14062599999983,-0.6982699258379056
41.14062599999983,-0.7212982930692325
41.14062599999983,-0.7276924826178015
41.14062599999983,-0.7064752066819107
41.14062599999983,-0.7160872386834517
41.14062599999983,-0.7265612632219554
41.14062599999983,-0.7104877904934485
41.14062599999983,-0.7117580121104164
41.14062599999983,-0.7133313681701774
41.14062599999983,-0.7131915668019017
41.14062599999983,-0.7152176742633721
41.14062599999983,-0.7098799440275791
41.14062599999983,-0.7127788703933056
41.14062599999983,-0.7200654363440722
41.14062599999983,-0.7278756009175529
41.14062599999983,-0.7171217081697282
41.14062599999983,-0.7256037737049176
41.14062599999983,-0.7204687132075059
41.14062599999983,-0.7091054951965085
41.14062599999983,-0.7216611989314538
41.14062599999983,-0.7085532320034924
41.14062599999983,-0.7065100964000408
41.14062599999983,-0.7065323283110444
41.14062599999983,-0.699496352874392
41.14062599999983,-0.704389043137172
41.14062599999983,-0.7067193071190552
41.14062599999983,-0.7013491387541771
41.14062599999983,-0.6854096616723581
41.14062599999983,-0.7080530831220802
41.14062599999983,-0.7319620110874742
41.14062599999983,-0.6992325691991761
41.14062599999983,-0.7108379864349964
41.14062599999983,-0.7224021934699065
41.14062599999983,-0.7145439585146164
41.14062599999983,-0.7125423443761928
45.14203399999992,-0.7376351356530132
45.14203399999992,-0.7235065411024552
45.14203399999992,-0.719036064860793
45.14203399999992,-0.7126098421084877
45.14203399999992,-0.7129485404670616
45.14203399999992,-0.7232341660906909
45.14203399999992,-0.7324138179775121
45.14203399999992,-0.716877925180276
45.14203399999992,-0.7084684442396618
45.14203399999992,-0.7225244113091261
45.14203399999992,-0.705225492483343
45.14203399999992,-0.7115822561655418
45.14203399999992,-0.738000432466193
45.14203399999992,-0.7180366429077265
45.14203399999992,-0.7081669265275871
45.14203399999992,-0.7289284235284783
45.14203399999992,-0.7369049297242322
45.14203399999992,-0.7350189299494735
45.14203399999992,-0.6974695552728396
45.14203399999992,-0.7146815096000371
45.14203399999992,-0.7199294193528211
45.14203399999992,-0.7198097740745721
45.14203399999992,-0.7232013611834104
45.14203399999992,-0.7453454368274712
45.14203399999992,-0.7151486900511108
45.14203399999992,-0.6975718201166955
45.14203399999992,-0.721429256368584
45.14203399999992,-0.728300805883728
45.14203399999992,-0.7183023694041852
45.14203399999992,-0.7175681090192794
45.14203399999992,-0.7233267693222193
45.14203399999992,-0.6928515815292969
45.14203399999992,-0.7157322002584459
45.14203399999992,-0.7285955740833804
45.14203399999992,-0.7297941276972914
45.14203399999992,-0.7283215150805353
45.14203399999992,-0.7135457811720249
45.14203399999992,-0.724964461550412
45.14203399999992,-0.7202110594665744
45.14203399999992,-0.7166240492569262
45.14203399999992,-0.7262770796008444
45.14203399999992,-0.7398492346836444
45.14203399999992,-0.7247775842531978
45.14203399999992,-0.701699102681231
45.14203399999992,-0.7264736327393055
45.14203399999992,-0.7315186756425599
45.14203399999992,-0.7186784514308687
45.14203399999992,-0.7104733465301957
45.14203399999992,-0.7126694372606559
45.14203399999992,-0.7371606466549855
45.14203399999992,-0.7058358107979877
45.14203399999992,-0.7188763291000767
45.14203399999992,-0.707345722742755
45.14203399999992,-0.7151901351997942
45.14203399999992,-0.7267971437978745
45.14203399999992,-0.7209986141587906
45.14203399999992,-0.7109476784758636
45.14203399999992,-0.7137948809622684
45.14203399999992,-0.728393629412456
45.14203399999992,-0.7077963737971621
45.14203399999992,-0.7091740988389581
45.14203399999992,-0.7228405236127989
45.14203399999992,-0.7140301662309682
45.14203399999992,-0.709519623941785
45.14203399999992,-0.7159591797060061
45.14203399999992,-0.7311202018501911
45.14203399999992,-0.715378307623412
45.14203399999992,-0.7234822294496782
45.14203399999992,-0.7174996095366195
45.14203399999992,-0.7214211090518328
45.14203399999992,-0.720114455501602
45.14203399999992,-0.7220411806457462
45.14203399999992,-0.7189423215621418
45.14203399999992,-0.7400158169940935
45.14203399999992,-0.7268463857577526
45.14203399999992,-0.6936202528435431
45.14203399999992,-0.7076513765000304
45.14203399999992,-0.7246742937551018
45.14203399999992,-0.7104080480513053
45.14203399999992,-0.7226142395128955
45.14203399999992,-0.7200562023178875
45.14203399999992,-0.7415999022350043
45.14203399999992,-0.7343447343900541
45.14203399999992,-0.7159101213640278
45.14203399999992,-0.7363425204257142
45.14203399999992,-0.7314559434345458
45.14203399999992,-0.7413590047296387
45.14203399999992,-0.7283120758314338
45.14203399999992,-0.7081788626944316
45.14203399999992,-0.7225705408848742
45.14203399999992,-0.7102498681394709
45.14203399999992,-0.7151005625709348
45.14203399999992,-0.711856210951097
45.14203399999992,-0.7288196039179334
45.14203399999992,-0.7193523369157387
45.14203399999992,-0.710660949492204
45.14203399999992,-0.7257988735807952
45.14203399999992,-0.7265694460549051
45.14203399999992,-0.7244276165155701
45.14203399999992,-0.7235903587228745
49.94166899999993,-0.7605741379333729
49.94166899999993,-0.7496059813787289
49.94166899999993,-0.7650947936221161
49.94166899999993,-0.7529990600098687
49.94166899999993,-0.7582384339768033
49.94166899999993,-0.7640594788955473
49.94166899999993,-0.7650936091918549
49.94166899999993,-0.7761885102735122
49.94166899999993,-0.7490335700213112
49.94166899999993,-0.7473868389022086
49.94166899999993,-0.7530515000011904
49.94166899999993,-0.7561360388072902
49.94166899999993,-0.7605938457922876
49.94166899999993,-0.7547234805423262
49.94166899999993,-0.7568052422150507
49.94166899999993,-0.7425703770603541
49.94166899999993,-0.7691564654358499
49.94166899999993,-0.7582422234486949
49.94166899999993,-0.7522276918727577
49.94166899999993,-0.7668925866303961
49.94166899999993,-0.7554828107674731
49.94166899999993,-0.7600740349057867
49.94166899999993,-0.76167126524499
49.94166899999993,-0.7537621867772194
49.94166899999993,-0.7723112930017512
49.94166899999993,-0.7562052337260691
49.94166899999993,-0.7428941981083836
49.94166899999993,-0.7480015190263559
49.94166899999993,-0.7677121382038492
49.94166899999993,-0.753225926237466
49.94166899999993,-0.7668766217642302
49.94166899999993,-0.7569587896494245
49.94166899999993,-0.7769797841715758
49.94166899999993,-0.7748772804091296
49.94166899999993,-0.7819535917075644
49.94166899999993,-0.7776298890650744
49.94166899999993,-0.7575247673023154
49.94166899999993,-0.7866312286917999
49.94166899999993,-0.7412935599990575
49.94166899999993,-0.7597032180490396
49.94166899999993,-0.771030690188819
49.94166899999993,-0.7583280824842871
49.94166899999993,-0.7569576550045415
49.94166899999993,-0.7481974806122317
49.94166899999993,-0.7555564056675423
49.94166899999993,-0.7620118238403837
49.94166899999993,-0.7648061293448254
49.94166899999993,-0.7500461128695854
49.94166899999993,-0.7524467380272433
49.94166899999993,-0.7863241577794744
49.94166899999993,-0.7428376785121437
49.94166899999993,-0.7503815532876111
49.94166899999993,-0.7590777536546703
49.94166899999993,-0.7680325565217951
49.94166899999993,-0.7377601698051874
49.94166899999993,-0.7542082798196471
49.94166899999993,-0.7599058681267178
49.94166899999993,-0.7350424470771106
49.94166899999993,-0.7651935634711796
49.94166899999993,-0.7491339308053967
49.94166899999993,-0.7740370891112717
49.94166899999993,-0.7630031983457645
49.94166899999993,-0.7542308202445437
49.94166899999993,-0.7572040012826063
49.94166899999993,-0.763988374833081
49.94166899999993,-0.7712767416549952
49.94166899999993,-0.7465240235554683
49.94166899999993,-0.7636917800338261
49.94166899999993,-0.7365652641769412
49.94166899999993,-0.7428485838236892
49.94166899999993,-0.7373465408743278
49.94166899999993,-0.7563726391944264
49.94166899999993,-0.7693333158052214
49.94166899999993,-0.7721585852609564
49.94166899999993,-0.7811737971710432
49.94166899999993,-0.7588596114090387
49.94166899999993,-0.767193303379891
49.94166899999993,-0.780630931314556
49.94166899999993,-0.7598794554647309
49.94166899999993,-0.7507066193567911
49.94166899999993,-0.7583426240591873
49.94166899999993,-0.7516702913539601
49.94166899999993,-0.7475591630932842
49.94166899999993,-0.7504156802215795
49.94166899999993,-0.7501416126289997
49.94166899999993,-0.7657369746070304
49.94166899999993,-0.7704932412850983
49.94166899999993,-0.7453557244732559
49.94166899999993,-0.7485359273426305
49.94166899999993,-0.7761932521890781
49.94166899999993,-0.7728017843112689
49.94166899999993,-0.7763608195162051
49.94166899999993,-0.7529856581079613
49.94166899999993,-0.7785199957143683
49.94166899999993,-0.7617316042167736
49.94166899999993,-0.7402781389668628
49.94166899999993,-0.7675079633083224
49.94166899999993,-0.7659461796184599
49.94166899999993,-0.7760877544198062
49.94166899999993,-0.782815277538181
