mean_solar_penetration,cate
2.0679079999999996,-0.9321701944568033
2.0679079999999996,-0.8871999220787538
2.0679079999999996,-1.0605290418321218
2.0679079999999996,-0.86485172898354
2.0679079999999996,-0.9758267351602489
2.0679079999999996,-0.6776093866553587
2.0679079999999996,-0.9973484297616801
2.0679079999999996,-0.8931799479513224
2.0679079999999996,-1.0617549758939637
2.0679079999999996,-1.192145731272954
2.0679079999999996,-0.7041837903640799
2.0679079999999996,-1.011849893832074
2.0679079999999996,-0.9214804129704184
2.0679079999999996,-0.877703205776352
2.0679079999999996,-0.8705447969326829
2.0679079999999996,-1.0286692124993433
2.0679079999999996,-0.750533916001906
2.0679079999999996,-0.9376520252698405
2.0679079999999996,-0.8001882413150648
2.0679079999999996,-1.0684439036521651
2.0679079999999996,-0.7225948612938393
2.0679079999999996,-0.9300559708591257
2.0679079999999996,-1.0080880808731352
2.0679079999999996,-0.7814244256908992
2.0679079999999996,-1.1040895846752774
2.0679079999999996,-0.9625843260736404
2.0679079999999996,-1.0133232767763256
2.0679079999999996,-1.0724258544254084
2.0679079999999996,-1.0101602825082467
2.0679079999999996,-1.1997101854405712
2.0679079999999996,-0.7576570407928321
2.0679079999999996,-0.8729427270982034
2.0679079999999996,-0.919859242484366
2.0679079999999996,-0.9398551729227514
2.0679079999999996,-0.6920130064901777
2.0679079999999996,-1.0508374634744058
2.0679079999999996,-0.9411444313370191
2.0679079999999996,-0.9989022111439942
2.0679079999999996,-0.7937382591586346
2.0679079999999996,-1.0208913096489673
2.0679079999999996,-0.7917005428332381
2.0679079999999996,-0.7936089894537426
2.0679079999999996,-1.0158051493005127
2.0679079999999996,-1.0454682113569347
2.0679079999999996,-0.9828986595278842
2.0679079999999996,-1.0206270814764749
2.0679079999999996,-0.7624187768976376
2.0679079999999996,-1.0222619908542245
2.0679079999999996,-1.154487273364189
2.0679079999999996,-1.2302537461134198
2.0679079999999996,-1.2302443879459575
2.0679079999999996,-0.8437770097308931
2.0679079999999996,-1.0872105747059304
2.0679079999999996,-0.8600854555960187
2.0679079999999996,-0.9303879752806676
2.0679079999999996,-0.7731508735182757
2.0679079999999996,-0.9855310025240176
2.0679079999999996,-0.8681897489521928
2.0679079999999996,-0.9826913932758209
2.0679079999999996,-1.0508650661340082
2.0679079999999996,-0.9633672916536619
2.0679079999999996,-0.8777076661702109
2.0679079999999996,-0.9064964950670121
2.0679079999999996,-1.139746548150255
2.0679079999999996,-0.9542280236534196
2.0679079999999996,-1.0299988789912897
2.0679079999999996,-1.0687719545387657
2.0679079999999996,-1.046406634270162
2.0679079999999996,-0.8972626601436806
2.0679079999999996,-0.8187005704080047
2.0679079999999996,-0.9875485494354529
2.0679079999999996,-0.7025497065444084
2.0679079999999996,-0.8393932987875081
2.0679079999999996,-0.9176361062949306
2.0679079999999996,-1.0612323498842646
2.0679079999999996,-0.8049482284021992
2.0679079999999996,-0.8722293193234277
2.0679079999999996,-0.9865918883971664
2.0679079999999996,-0.9264795617283307
2.0679079999999996,-0.9830024900841802
2.0679079999999996,-0.8769301847638699
2.0679079999999996,-0.8254292608626354
2.0679079999999996,-0.917486995248773
2.0679079999999996,-0.7623683977104261
2.0679079999999996,-0.8206259015221125
2.0679079999999996,-0.8720803734768823
2.0679079999999996,-1.0118584157513608
2.0679079999999996,-1.072292976178605
2.0679079999999996,-1.018746421424486
2.0679079999999996,-0.9331020924986504
2.0679079999999996,-0.9670225686691644
2.0679079999999996,-0.8968559267675046
2.0679079999999996,-0.6763480846172402
2.0679079999999996,-0.8949014176467718
2.0679079999999996,-0.9639085944258898
2.0679079999999996,-0.7900487912615101
2.0679079999999996,-0.7070191764396995
2.0679079999999996,-0.7563563296747625
2.0679079999999996,-0.9229841418522383
2.0679079999999996,-1.0200974576558448
2.785192,-0.8513305178339162
2.785192,-0.8465669687223254
2.785192,-0.9046052734485126
2.785192,-0.9039444632328519
2.785192,-0.902004418523164
2.785192,-0.974902910289589
2.785192,-0.8333403310932477
2.785192,-0.7223893056334617
2.785192,-0.9284256132425628
2.785192,-0.9497561089410868
2.785192,-0.8787507671550243
2.785192,-0.8544120039083593
2.785192,-1.0544696091664847
2.785192,-0.9763585868921748
2.785192,-1.054784165846569
2.785192,-0.8605015977824508
2.785192,-0.7883123348700073
2.785192,-0.936770693338358
2.785192,-1.08631257219408
2.785192,-1.0180041867275413
2.785192,-0.9494094488546344
2.785192,-0.9753196411575259
2.785192,-0.9518752571109357
2.785192,-1.0001771668985109
2.785192,-0.8633026985249626
2.785192,-1.0901051333349747
2.785192,-0.946351751333082
2.785192,-0.9354803835234851
2.785192,-1.087850039769142
2.785192,-1.0451417523761053
2.785192,-0.9672021810396411
2.785192,-1.0034709126376629
2.785192,-0.8414228148110268
2.785192,-1.0350247377670132
2.785192,-0.9501738850721579
2.785192,-0.9949349140438591
2.785192,-0.8672169107750931
2.785192,-0.9978103338838514
2.785192,-0.9399187805816202
2.785192,-0.8096378622071196
2.785192,-1.1420466905274518
2.785192,-0.7385099398423859
2.785192,-0.8407899289792037
2.785192,-0.882861841723933
2.785192,-0.9014949892198473
2.785192,-0.8220495648922517
2.785192,-1.1316640823991033
2.785192,-0.9473761118918665
2.785192,-0.9629512579456855
2.785192,-0.8934612587079059
2.785192,-0.9007497013749172
2.785192,-0.9719161532091019
2.785192,-0.9978026337108813
2.785192,-1.1538772976698397
2.785192,-1.0680137614334395
2.785192,-0.8798832630332184
2.785192,-0.9627000132167781
2.785192,-0.904554362829476
2.785192,-1.1626406252492938
2.785192,-0.9301033286032119
2.785192,-0.725212916641145
2.785192,-0.9202473358461286
2.785192,-0.9662499873410013
2.785192,-0.9666248444398365
2.785192,-0.917046488051885
2.785192,-0.9755043541153805
2.785192,-0.7860783524657822
2.785192,-0.8588675058685564
2.785192,-0.9796706055185269
2.785192,-1.1005794472952637
2.785192,-0.9691222400627445
2.785192,-0.945155151316617
2.785192,-0.9857936755877547
2.785192,-1.1300151844558985
2.785192,-1.0535926384165515
2.785192,-0.9770943766422401
2.785192,-1.0071423513431152
2.785192,-1.083069523443681
2.785192,-1.1184811430714383
2.785192,-0.917113672051212
2.785192,-0.8891995972251844
2.785192,-0.8798863656964341
2.785192,-0.8695720391511021
2.785192,-0.9198844150273809
2.785192,-1.081461731013344
2.785192,-0.8874381232935478
2.785192,-1.0427114786875413
2.785192,-0.9893458211422728
2.785192,-0.8148255614271741
2.785192,-0.9217454264577393
2.785192,-0.8530985786303648
2.785192,-0.8388911561530298
2.785192,-0.9216118617409301
2.785192,-0.8879319377556079
2.785192,-0.9413902612089029
2.785192,-0.9360076711565042
2.785192,-0.966693369715458
2.785192,-0.9756308371585558
2.785192,-0.8068332822657439
2.785192,-1.2242690531789855
3.641226,-0.943354379160707
3.641226,-1.0771889150825893
3.641226,-0.997510759377497
3.641226,-0.9806337262657859
3.641226,-1.0486072429443625
3.641226,-0.9749580525401906
3.641226,-0.8945585199067544
3.641226,-0.9423260039354288
3.641226,-0.9678614676666298
3.641226,-1.057991816459734
3.641226,-0.9340399531748368
3.641226,-0.8991171182280646
3.641226,-0.955690169338964
3.641226,-0.9048621531629786
3.641226,-0.9779565548006555
3.641226,-0.8661616504617333
3.641226,-0.9327436208137654
3.641226,-1.0164543167165936
3.641226,-0.8378234552621674
3.641226,-0.9507362646729463
3.641226,-0.9945654576700734
3.641226,-0.9789767385575343
3.641226,-0.8139329315556643
3.641226,-0.9333967698923564
3.641226,-1.0800545864350517
3.641226,-1.0319835267475719
3.641226,-1.058764366925951
3.641226,-0.9002106492104909
3.641226,-0.80649720966702
3.641226,-0.9397222054083608
3.641226,-0.9326847674390534
3.641226,-0.8506825012438802
3.641226,-0.8702093419196506
3.641226,-0.8841722173585379
3.641226,-0.7968753253180374
3.641226,-0.9254351279187906
3.641226,-0.9233769572175554
3.641226,-0.990795901319882
3.641226,-0.9829301553324101
3.641226,-0.9920797086767207
3.641226,-0.9191317546089924
3.641226,-0.9666747674629045
3.641226,-0.8884772372576346
3.641226,-0.8498891525924333
3.641226,-0.9479079523575134
3.641226,-0.7848540605236927
3.641226,-0.8320001011765776
3.641226,-0.9495581193108424
3.641226,-1.01375790923955
3.641226,-0.8825830706007665
3.641226,-0.8274667514304352
3.641226,-0.8645270411812803
3.641226,-0.830078959930469
3.641226,-0.9182469303991823
3.641226,-0.9461578051628993
3.641226,-0.8406302462108194
3.641226,-0.8669482149923607
3.641226,-0.9873390010062767
3.641226,-0.8868837548677486
3.641226,-0.8350380979274253
3.641226,-0.7263772992976638
3.641226,-0.9052832287333462
3.641226,-0.9242514743076232
3.641226,-1.129806556358333
3.641226,-0.8893557289124061
3.641226,-0.8007212463256984
3.641226,-1.062142779998627
3.641226,-1.0012258339778448
3.641226,-0.9091774370347693
3.641226,-1.0188835331296735
3.641226,-1.0307348280992252
3.641226,-1.0524967760615376
3.641226,-0.9893424089199431
3.641226,-0.8760416659196132
3.641226,-0.7656791648300401
3.641226,-1.046339979461445
3.641226,-0.9382735304293877
3.641226,-0.8697911185974326
3.641226,-0.8350164470822381
3.641226,-0.8229578575837696
3.641226,-0.9294321352524852
3.641226,-0.9462238632960566
3.641226,-1.0040967089874004
3.641226,-0.8934935546395082
3.641226,-0.9597341447885205
3.641226,-0.8357365187844982
3.641226,-0.9443627892041044
3.641226,-0.9628199697829847
3.641226,-0.8682497598177823
3.641226,-0.7500425574114185
3.641226,-0.9640802580177011
3.641226,-1.0402913682539778
3.641226,-0.9180233607786956
3.641226,-0.8804974944078197
3.641226,-0.9768888000361937
3.641226,-1.0056606489409878
3.641226,-1.0205224049585488
3.641226,-1.0019904581381196
3.641226,-0.9921212486641727
3.641226,-0.9535531230350814
4.636156,-0.9571477209080124
4.636156,-1.0519582278381507
4.636156,-0.897462403785377
4.636156,-1.0112808412472374
4.636156,-0.9823897599324364
4.636156,-0.8324155226133598
4.636156,-1.0215349869568628
4.636156,-0.9196988501461273
4.636156,-1.0134937078360347
4.636156,-0.9583790570230993
4.636156,-1.0329917864296523
4.636156,-1.0533671396266573
4.636156,-0.9668642754429818
4.636156,-0.9723949266734989
4.636156,-0.8926369455140862
4.636156,-0.9960842686784104
4.636156,-0.8856238975113706
4.636156,-0.8717374039566701
4.636156,-1.0109023292319979
4.636156,-0.997359766393644
4.636156,-0.9547832980832698
4.636156,-0.8818853865685643
4.636156,-1.0772167103449817
4.636156,-0.899704612866881
4.636156,-1.0671782765263358
4.636156,-0.901638143422777
4.636156,-1.0037274185648504
4.636156,-0.8851770247568282
4.636156,-1.1228023481344702
4.636156,-1.0222399861274314
4.636156,-1.0760957749602857
4.636156,-0.9640514394588962
4.636156,-1.031473395523556
4.636156,-0.9837507756635792
4.636156,-1.0328529302799418
4.636156,-1.0463943417823756
4.636156,-0.9590952823319314
4.636156,-1.0348245499646034
4.636156,-0.8995547037191444
4.636156,-0.9260675438596486
4.636156,-1.100499964036112
4.636156,-0.9697819219393253
4.636156,-1.0546588233325702
4.636156,-1.001778470523696
4.636156,-0.8445886002818872
4.636156,-0.969593076237795
4.636156,-0.9605179338760467
4.636156,-0.9183378718263836
4.636156,-0.9730993224050821
4.636156,-0.9665846886384657
4.636156,-1.0663404512360912
4.636156,-0.9485463371055158
4.636156,-1.0184796827048288
4.636156,-1.0734096768888013
4.636156,-0.9174700295268317
4.636156,-1.0539383319385593
4.636156,-1.0045716553552626
4.636156,-1.0148007923796545
4.636156,-0.912522609417343
4.636156,-0.9792359437446557
4.636156,-0.9872682229908827
4.636156,-0.9073953698246852
4.636156,-1.0516766705296803
4.636156,-1.017864036889017
4.636156,-1.1693026533392437
4.636156,-1.0195454666070294
4.636156,-0.9661702174101611
4.636156,-0.9345399759719571
4.636156,-0.9284576159138817
4.636156,-0.9475438012636808
4.636156,-1.0366510301750178
4.636156,-1.0173168336178018
4.636156,-0.9367709619381134
4.636156,-0.8978208928740739
4.636156,-0.8775073970325534
4.636156,-1.0572638388976379
4.636156,-0.8957002631040162
4.636156,-0.8835390252183621
4.636156,-1.0072444279839408
4.636156,-0.9656168309863914
4.636156,-0.9783412186871119
4.636156,-0.8846202178123921
4.636156,-0.9704910950301548
4.636156,-0.7882787299644237
4.636156,-0.8845456410355833
4.636156,-0.951511312235254
4.636156,-0.9891784861357136
4.636156,-0.9724552973064037
4.636156,-0.9700437084169935
4.636156,-1.0683911425670398
4.636156,-0.9737641648940937
4.636156,-0.9105024918656915
4.636156,-0.9447618952648786
4.636156,-0.9696477125564866
4.636156,-1.0926660646460067
4.636156,-0.9083159938316323
4.636156,-0.9364533919065096
4.636156,-0.843791048813728
4.636156,-0.9009204665778032
4.636156,-0.8658836585340667
5.78263,-0.9005459285839584
5.78263,-0.9358273676620242
5.78263,-0.9120004454630773
5.78263,-0.9464888003222724
5.78263,-0.955378824357555
5.78263,-0.8662633084090703
5.78263,-0.9108010728182943
5.78263,-0.8373603886009704
5.78263,-0.9442010504996037
5.78263,-0.965813747482912
5.78263,-0.7970774944249449
5.78263,-1.0870980605940301
5.78263,-0.9672082965522381
5.78263,-0.9093705462986292
5.78263,-0.9633830571396508
5.78263,-0.9186204222524644
5.78263,-0.9842678674084521
5.78263,-1.067723641278357
5.78263,-0.8295700827193694
5.78263,-0.9085479770192961
5.78263,-0.996542725066621
5.78263,-1.0387434168977336
5.78263,-0.9053222372204305
5.78263,-0.9817623752318305
5.78263,-0.9791735542868015
5.78263,-0.996384295815725
5.78263,-0.991590933856332
5.78263,-0.8681071908691372
5.78263,-1.1055111915470495
5.78263,-1.0315272577603147
5.78263,-0.9455263988378829
5.78263,-0.9641744076481646
5.78263,-1.0270840280585127
5.78263,-0.841823838503824
5.78263,-0.9864476031966773
5.78263,-0.9771583388578656
5.78263,-0.897681751612345
5.78263,-0.9263505809072228
5.78263,-1.0486348903394587
5.78263,-0.9590144684408858
5.78263,-0.9018698723237358
5.78263,-0.8910856027998424
5.78263,-1.01045044856332
5.78263,-0.8899492756469494
5.78263,-0.9728796991117198
5.78263,-0.9422493040526629
5.78263,-0.9121127249741509
5.78263,-0.9068754150222724
5.78263,-0.8732986766404031
5.78263,-0.9594912143363861
5.78263,-1.0226793292660499
5.78263,-0.8268956168681624
5.78263,-0.9087692385909282
5.78263,-0.9100750352803745
5.78263,-0.9023024943092135
5.78263,-0.9950704698595866
5.78263,-0.9301521613310698
5.78263,-1.0122075838241162
5.78263,-1.0092338672954022
5.78263,-0.8979858331736801
5.78263,-0.871879662591237
5.78263,-0.9524486612954617
5.78263,-0.9498487338795237
5.78263,-1.0651371732558745
5.78263,-0.8780028697191342
5.78263,-0.9097581211463326
5.78263,-1.0103291959814846
5.78263,-1.028149265373481
5.78263,-0.9235145796603835
5.78263,-1.017599641276198
5.78263,-0.9472253557973864
5.78263,-1.0268838280131605
5.78263,-0.8729580410188351
5.78263,-0.9085185604560081
5.78263,-0.876811792380544
5.78263,-0.957316488983158
5.78263,-1.0482845186282297
5.78263,-0.8692644196930291
5.78263,-0.9397955851599539
5.78263,-0.9268243898566907
5.78263,-0.8820303964772077
5.78263,-0.9646466697728567
5.78263,-0.9281628337308182
5.78263,-0.906940977654685
5.78263,-0.8872392735321588
5.78263,-1.030681482621473
5.78263,-0.9922688212732476
5.78263,-1.0193620640583432
5.78263,-0.9608702205423045
5.78263,-0.910436755210974
5.78263,-0.8726576060643828
5.78263,-0.9900039992057074
5.78263,-0.9013833068450012
5.78263,-1.0265372325023256
5.78263,-0.9614399916407413
5.78263,-0.9536577283415901
5.78263,-0.8779494936864078
5.78263,-0.9845115380511392
5.78263,-1.0954478527866796
5.78263,-1.014325999444741
7.088173999999999,-0.886786651304197
7.088173999999999,-0.8454792518770284
7.088173999999999,-0.9112979995012861
7.088173999999999,-0.94533332188534
7.088173999999999,-0.9626336746584699
7.088173999999999,-0.8500683295227692
7.088173999999999,-0.8980987498724031
7.088173999999999,-0.8841227728442562
7.088173999999999,-0.9274032698022942
7.088173999999999,-0.8717648727850911
7.088173999999999,-0.8757307015672597
7.088173999999999,-0.8810699057629349
7.088173999999999,-0.95967669473385
7.088173999999999,-0.8631405988959908
7.088173999999999,-0.9393933203605032
7.088173999999999,-0.9021825334102301
7.088173999999999,-0.8510670247308134
7.088173999999999,-0.7930446430022259
7.088173999999999,-0.8611711927223652
7.088173999999999,-0.8336333741933111
7.088173999999999,-0.8366925654833737
7.088173999999999,-0.8666640023636466
7.088173999999999,-0.9154291220749337
7.088173999999999,-0.9082953156957668
7.088173999999999,-0.9251538888025431
7.088173999999999,-0.8691170934154514
7.088173999999999,-0.8064535817630842
7.088173999999999,-0.8900708003403981
7.088173999999999,-0.9018344254543574
7.088173999999999,-0.9429520755058362
7.088173999999999,-0.8884588226380894
7.088173999999999,-0.8917487881105725
7.088173999999999,-0.8842734008997548
7.088173999999999,-0.8056493906175465
7.088173999999999,-0.8810770332829583
7.088173999999999,-0.9241592920616752
7.088173999999999,-0.890375815129157
7.088173999999999,-0.8826095787435186
7.088173999999999,-0.9596098758430018
7.088173999999999,-0.9257981855197169
7.088173999999999,-1.0431037719853025
7.088173999999999,-0.8680119753234784
7.088173999999999,-0.9207562307278907
7.088173999999999,-0.9535113067353843
7.088173999999999,-0.7784780020036128
7.088173999999999,-0.9358839865718802
7.088173999999999,-0.9133665470550109
7.088173999999999,-0.9067465101768334
7.088173999999999,-0.8935294998673977
7.088173999999999,-0.9165832521398883
7.088173999999999,-0.8618090142021958
7.088173999999999,-0.8833342497084156
7.088173999999999,-0.8506450289245747
7.088173999999999,-1.0175481482300812
7.088173999999999,-0.9247303242666868
7.088173999999999,-0.933989550770251
7.088173999999999,-0.9418567234731801
7.088173999999999,-0.9588527624284177
7.088173999999999,-0.8629411783458415
7.088173999999999,-0.8180796528063369
7.088173999999999,-0.9172840896926739
7.088173999999999,-0.8635070266177168
7.088173999999999,-0.9030917907252478
7.088173999999999,-0.9517207673893872
7.088173999999999,-1.029515597706787
7.088173999999999,-0.8395277627811217
7.088173999999999,-0.8639518061185281
7.088173999999999,-0.8163528007471779
7.088173999999999,-0.9194859596135656
7.088173999999999,-0.8620180372070416
7.088173999999999,-0.7882430001323769
7.088173999999999,-0.9932857280452535
7.088173999999999,-0.8071783538350202
7.088173999999999,-0.9846415091690657
7.088173999999999,-0.8176952251695795
7.088173999999999,-0.8100446855971993
7.088173999999999,-0.7924860602415071
7.088173999999999,-0.8923867331684625
7.088173999999999,-0.9037220445058625
7.088173999999999,-0.9482311258809261
7.088173999999999,-0.8573534890973378
7.088173999999999,-0.7718822932277776
7.088173999999999,-0.8488635005437347
7.088173999999999,-0.9745299900255842
7.088173999999999,-0.9310599101436742
7.088173999999999,-0.8304280249438047
7.088173999999999,-0.815090969544084
7.088173999999999,-0.9326580673901196
7.088173999999999,-0.9573544597598385
7.088173999999999,-0.8419672278143598
7.088173999999999,-0.8934596620878933
7.088173999999999,-0.7918087624794405
7.088173999999999,-0.9162318816333048
7.088173999999999,-0.8791305788051383
7.088173999999999,-0.8582963916295971
7.088173999999999,-0.8885203341651028
7.088173999999999,-0.900166276153096
7.088173999999999,-0.9631836458929478
7.088173999999999,-0.8843617261562999
7.088173999999999,-0.9552603916365779
8.5405,-0.8898620198763382
8.5405,-0.8759059024558035
8.5405,-0.8665425755733182
8.5405,-0.8426872697247798
8.5405,-0.8766963696515139
8.5405,-0.8909037510776274
8.5405,-0.8567627881139704
8.5405,-0.9369264251417865
8.5405,-0.842661646136345
8.5405,-0.9057425511572458
8.5405,-0.9418492550252461
8.5405,-0.8246835321731774
8.5405,-0.9871501706238149
8.5405,-0.923848068660347
8.5405,-0.8572694059130774
8.5405,-0.8441210544308955
8.5405,-0.9356407941595575
8.5405,-0.8889156264615881
8.5405,-0.9278938799347548
8.5405,-0.8808132724439675
8.5405,-0.8520085421919216
8.5405,-0.9123133595626878
8.5405,-0.8258075549898181
8.5405,-0.8790703977967916
8.5405,-0.8014114083730003
8.5405,-0.8817552712509232
8.5405,-0.8075012765458343
8.5405,-0.8694732003505082
8.5405,-0.9154125998661404
8.5405,-0.8975355182341077
8.5405,-0.8964394261388677
8.5405,-0.8485095356322399
8.5405,-0.9235249456606824
8.5405,-0.8282160211148247
8.5405,-0.8737554516440312
8.5405,-0.8976212726402089
8.5405,-0.9117874935108344
8.5405,-0.8741072410542366
8.5405,-0.9240579853627291
8.5405,-0.8687113250563999
8.5405,-0.9346610048545384
8.5405,-0.922095420051308
8.5405,-0.8709331972464456
8.5405,-0.8319729238539653
8.5405,-0.8554012727974007
8.5405,-0.8238072711325501
8.5405,-0.8363277076360577
8.5405,-0.9335945247210958
8.5405,-0.8772818642661051
8.5405,-0.8782070417945707
8.5405,-0.8156585813381911
8.5405,-0.8767748771731797
8.5405,-0.9430831386735941
8.5405,-0.8697204121853578
8.5405,-0.8759578771723406
8.5405,-0.8553370600062744
8.5405,-0.8535127105388288
8.5405,-0.8770896957717831
8.5405,-0.9012423235971194
8.5405,-0.9561326475392353
8.5405,-0.9708350039707917
8.5405,-0.8545386989209108
8.5405,-0.8923556043490809
8.5405,-0.8359188366792929
8.5405,-0.8783614718074051
8.5405,-0.9242717159436136
8.5405,-0.8814585617394338
8.5405,-0.909049495598377
8.5405,-0.8471538930529458
8.5405,-0.90881232379617
8.5405,-0.8729148511852435
8.5405,-0.8268451477511279
8.5405,-0.9058649557201423
8.5405,-0.8708917350178608
8.5405,-0.9195499702634699
8.5405,-0.8722189173869545
8.5405,-0.9549681645513649
8.5405,-0.9379195243018884
8.5405,-0.9642075845287364
8.5405,-0.8396543276767804
8.5405,-0.846687019981715
8.5405,-0.8993567853769792
8.5405,-0.864306753716002
8.5405,-0.7336978161610478
8.5405,-0.9620917693872965
8.5405,-0.9184631501658103
8.5405,-0.8776765952208793
8.5405,-0.8468179461318734
8.5405,-0.9322689323106964
8.5405,-0.9065269588923732
8.5405,-0.8910386148337925
8.5405,-0.9390435208199165
8.5405,-0.8586335537069985
8.5405,-0.8372433934636748
8.5405,-0.857313271292937
8.5405,-0.9367209617505343
8.5405,-0.9064405164598845
8.5405,-0.8585224381356882
8.5405,-0.9519106705944961
8.5405,-0.9699409815839376
10.138968,-0.9206449830912912
10.138968,-0.8527939975728549
10.138968,-0.8478307391429154
10.138968,-0.9799332113534119
10.138968,-0.8938119187228445
10.138968,-0.9470458323787746
10.138968,-0.8439297208591303
10.138968,-0.8315511209493281
10.138968,-0.897041906142219
10.138968,-0.7996359609364535
10.138968,-0.8081355495955512
10.138968,-0.9131104931696318
10.138968,-0.9093790002331473
10.138968,-0.8017210356129074
10.138968,-0.8903116315304912
10.138968,-0.9011881421695722
10.138968,-0.8842065903236732
10.138968,-0.8835907109775353
10.138968,-0.8053769865363605
10.138968,-0.7926338343664078
10.138968,-0.8699589305856475
10.138968,-0.8913540124544012
10.138968,-0.8748678977095805
10.138968,-0.898569149460549
10.138968,-0.811058901807033
10.138968,-0.91825792398541
10.138968,-0.8777609265242666
10.138968,-0.8919384856810089
10.138968,-0.8446221605092967
10.138968,-0.8674631067964641
10.138968,-0.7937514397613483
10.138968,-0.8752136015394962
10.138968,-0.8774589731801039
10.138968,-0.7911312832568753
10.138968,-0.8973739820810852
10.138968,-0.8449805784478698
10.138968,-0.8693741775376175
10.138968,-0.7814696260917516
10.138968,-0.8355926454942465
10.138968,-0.786659667903552
10.138968,-0.8573700688169128
10.138968,-0.868191635717488
10.138968,-0.8673721086617325
10.138968,-0.8606342558572819
10.138968,-0.8612833401689785
10.138968,-0.876968167959307
10.138968,-0.8540251827669743
10.138968,-0.8141780756644144
10.138968,-0.8913342971264836
10.138968,-0.8290286604468752
10.138968,-0.8833648096384527
10.138968,-0.9142788417729497
10.138968,-0.9321066008961689
10.138968,-0.8818982880055427
10.138968,-0.9075733471916928
10.138968,-0.8307735306924509
10.138968,-0.9547048543660505
10.138968,-0.8511630841149238
10.138968,-0.8967047023753173
10.138968,-0.9086683289477971
10.138968,-0.839936509083562
10.138968,-0.8164604850046989
10.138968,-0.8669848439357554
10.138968,-0.859439947335059
10.138968,-0.8680329173090746
10.138968,-0.9257783120953279
10.138968,-0.9541274330381053
10.138968,-0.9032007791996818
10.138968,-0.8858547229865279
10.138968,-0.8220141182771068
10.138968,-0.9433603148667891
10.138968,-0.9256238655468181
10.138968,-0.892281827473682
10.138968,-0.8984835313770368
10.138968,-0.8320075944089215
10.138968,-0.8129949036148687
10.138968,-0.8426049288429749
10.138968,-0.8544433724055491
10.138968,-0.8778470070310384
10.138968,-0.8443720536782597
10.138968,-0.8425536337821624
10.138968,-0.7836967758266644
10.138968,-0.8564170084841063
10.138968,-0.8973082349449961
10.138968,-0.8596406163934206
10.138968,-0.7746392509114255
10.138968,-0.877678212196952
10.138968,-0.822140461704773
10.138968,-0.8223966945889855
10.138968,-0.8752112584320421
10.138968,-0.8136319911248657
10.138968,-0.8950457201912574
10.138968,-0.8526356741063266
10.138968,-0.8823892922128148
10.138968,-0.8286591191189828
10.138968,-0.8396372274309161
10.138968,-0.8712719395888792
10.138968,-0.9042722713049867
10.138968,-0.8692846615996132
10.138968,-0.9007458080668316
11.889026000000001,-0.8614164599412171
11.889026000000001,-0.8695198963004801
11.889026000000001,-0.8286179951919715
11.889026000000001,-0.8425477902294273
11.889026000000001,-0.8799115113317882
11.889026000000001,-0.8991783270029359
11.889026000000001,-0.8459466792406374
11.889026000000001,-0.8232165851474631
11.889026000000001,-0.827761447317933
11.889026000000001,-0.8091574649663174
11.889026000000001,-0.8038173466613641
11.889026000000001,-0.8311251707793408
11.889026000000001,-0.8520871176411537
11.889026000000001,-0.8424506631252762
11.889026000000001,-0.8497231121990211
11.889026000000001,-0.8694685723475726
11.889026000000001,-0.7992449024506161
11.889026000000001,-0.8061590031565361
11.889026000000001,-0.7996644780423346
11.889026000000001,-0.8347821370463953
11.889026000000001,-0.8251316670001744
11.889026000000001,-0.8758942301498711
11.889026000000001,-0.8309957165719382
11.889026000000001,-0.821253139797571
11.889026000000001,-0.8025570480488786
11.889026000000001,-0.8550015367749654
11.889026000000001,-0.8018837820048519
11.889026000000001,-0.849295166886555
11.889026000000001,-0.8712502985110329
11.889026000000001,-0.8703851375899698
11.889026000000001,-0.816921358856902
11.889026000000001,-0.8150500569489457
11.889026000000001,-0.8493339971596633
11.889026000000001,-0.8087854770643353
11.889026000000001,-0.8806475425649257
11.889026000000001,-0.8075165596072741
11.889026000000001,-0.865197239100746
11.889026000000001,-0.8516369279082119
11.889026000000001,-0.806493040244352
11.889026000000001,-0.7891884045973622
11.889026000000001,-0.8304782978344739
11.889026000000001,-0.7960466943121155
11.889026000000001,-0.8573729377565737
11.889026000000001,-0.7966671967132449
11.889026000000001,-0.861128585314953
11.889026000000001,-0.8515404480321203
11.889026000000001,-0.8716798423491791
11.889026000000001,-0.8321489425928871
11.889026000000001,-0.8827536134722836
11.889026000000001,-0.9056905179929272
11.889026000000001,-0.8086809006008043
11.889026000000001,-0.8174110768972966
11.889026000000001,-0.813058966358123
11.889026000000001,-0.8695995050113776
11.889026000000001,-0.8382984341884352
11.889026000000001,-0.7822985156824802
11.889026000000001,-0.8373197184899557
11.889026000000001,-0.882856731348773
11.889026000000001,-0.8440617295706657
11.889026000000001,-0.8692251320817982
11.889026000000001,-0.8282707713617596
11.889026000000001,-0.8469716744590801
11.889026000000001,-0.8987319859300461
11.889026000000001,-0.8391374091301987
11.889026000000001,-0.8257117228997379
11.889026000000001,-0.7896367358352614
11.889026000000001,-0.8503944765542765
11.889026000000001,-0.8543629457065187
11.889026000000001,-0.8403101101150434
11.889026000000001,-0.8224743812483357
11.889026000000001,-0.8229366775049404
11.889026000000001,-0.8413178057332837
11.889026000000001,-0.8595233236756719
11.889026000000001,-0.8442929217993979
11.889026000000001,-0.8729560138778533
11.889026000000001,-0.8298285432231423
11.889026000000001,-0.8242713935663102
11.889026000000001,-0.8779253329699147
11.889026000000001,-0.8356510788230103
11.889026000000001,-0.8090936909501857
11.889026000000001,-0.8313597778684112
11.889026000000001,-0.8861154700132894
11.889026000000001,-0.8945047594023005
11.889026000000001,-0.8152205750179993
11.889026000000001,-0.7734390129410875
11.889026000000001,-0.7937452596159605
11.889026000000001,-0.8488129342883297
11.889026000000001,-0.8566835911892555
11.889026000000001,-0.8626054560758942
11.889026000000001,-0.8557536834910686
11.889026000000001,-0.812889463361625
11.889026000000001,-0.8862886870533457
11.889026000000001,-0.888178575325203
11.889026000000001,-0.8314036205162286
11.889026000000001,-0.8467283074610382
11.889026000000001,-0.7550569860623095
11.889026000000001,-0.8173868681155764
11.889026000000001,-0.7993298017595626
11.889026000000001,-0.8332673336182557
11.889026000000001,-0.8575063298598732
13.788582,-0.8377112886964417
13.788582,-0.7843705520533627
13.788582,-0.8068374024242083
13.788582,-0.7909230250611066
13.788582,-0.8667991342392282
13.788582,-0.8766288234081265
13.788582,-0.8424717098195816
13.788582,-0.8492595018630338
13.788582,-0.8414641081911918
13.788582,-0.7880708857058181
13.788582,-0.835094562709438
13.788582,-0.7824733216415003
13.788582,-0.8413933188524361
13.788582,-0.8364443140668436
13.788582,-0.8416276302708567
13.788582,-0.7974549263465027
13.788582,-0.8552342223069834
13.788582,-0.8177803192676893
13.788582,-0.8138948312650836
13.788582,-0.8376466705771864
13.788582,-0.77912791701647
13.788582,-0.82598422487631
13.788582,-0.7783330546383638
13.788582,-0.8340335650728736
13.788582,-0.832789591380243
13.788582,-0.8433927359529425
13.788582,-0.8020728256376012
13.788582,-0.855578102768342
13.788582,-0.8642316846961957
13.788582,-0.8221377147802014
13.788582,-0.8182570719323106
13.788582,-0.7973276407688397
13.788582,-0.8542274241384162
13.788582,-0.751518991433586
13.788582,-0.9112982738914441
13.788582,-0.8460979159153275
13.788582,-0.8217050764691508
13.788582,-0.849468262433071
13.788582,-0.8188529163118106
13.788582,-0.8086599717908667
13.788582,-0.8397923682942257
13.788582,-0.8395064734122668
13.788582,-0.853851629245805
13.788582,-0.8637871758835792
13.788582,-0.8251420548812224
13.788582,-0.8248219862504655
13.788582,-0.8348616621398062
13.788582,-0.7833162163883877
13.788582,-0.8281048407781585
13.788582,-0.9177187902689428
13.788582,-0.8266611228412997
13.788582,-0.8775558671696487
13.788582,-0.8351976673409133
13.788582,-0.8551905963919815
13.788582,-0.8058961831083047
13.788582,-0.8632333940432504
13.788582,-0.7963064885155826
13.788582,-0.8541521767309291
13.788582,-0.8181879975379793
13.788582,-0.8295519902568126
13.788582,-0.7944465494689826
13.788582,-0.8133850471129532
13.788582,-0.8259711394899351
13.788582,-0.7918700869905847
13.788582,-0.8498862610257185
13.788582,-0.8469271184411102
13.788582,-0.8197203424181055
13.788582,-0.8348218451188991
13.788582,-0.8551778399433481
13.788582,-0.8153199441561221
13.788582,-0.8218799631571068
13.788582,-0.8265692028409665
13.788582,-0.7958170353518113
13.788582,-0.8336137513029275
13.788582,-0.8504397492377858
13.788582,-0.816112716013639
13.788582,-0.8744658558528792
13.788582,-0.8387437675254785
13.788582,-0.8487528096208188
13.788582,-0.7700755002999147
13.788582,-0.8479335244692949
13.788582,-0.849065468195046
13.788582,-0.8312742474732445
13.788582,-0.8422817164081011
13.788582,-0.8542921998846646
13.788582,-0.8638684867990774
13.788582,-0.8729113767221589
13.788582,-0.808245835492095
13.788582,-0.8840983207530989
13.788582,-0.8324742930715074
13.788582,-0.8150869189015877
13.788582,-0.8057884554296356
13.788582,-0.8156061940634671
13.788582,-0.8201883377149211
13.788582,-0.7866992509048424
13.788582,-0.8302290355591369
13.788582,-0.8026679196195797
13.788582,-0.7698518241320401
13.788582,-0.8296897228656223
13.788582,-0.7878566355912995
15.855823999999998,-0.809064476219444
15.855823999999998,-0.8043320284018213
15.855823999999998,-0.7739841531844552
15.855823999999998,-0.7809228654009893
15.855823999999998,-0.7961182041640716
15.855823999999998,-0.80505630773526
15.855823999999998,-0.8199719975287966
15.855823999999998,-0.8056457175301459
15.855823999999998,-0.7632390598970461
15.855823999999998,-0.8023324624888873
15.855823999999998,-0.7457520336286984
15.855823999999998,-0.820800067412788
15.855823999999998,-0.775566658565561
15.855823999999998,-0.7739556582118945
15.855823999999998,-0.816771648405069
15.855823999999998,-0.790144307718044
15.855823999999998,-0.8036411512021279
15.855823999999998,-0.8832916561554269
15.855823999999998,-0.7662692451694675
15.855823999999998,-0.8679142870949305
15.855823999999998,-0.818175145154115
15.855823999999998,-0.7982025379315959
15.855823999999998,-0.8089096261578297
15.855823999999998,-0.7640527289915993
15.855823999999998,-0.7961277646311269
15.855823999999998,-0.7896408533280658
15.855823999999998,-0.7802168559979443
15.855823999999998,-0.8034070014130069
15.855823999999998,-0.8139995672852645
15.855823999999998,-0.8119933364519676
15.855823999999998,-0.8088893329504839
15.855823999999998,-0.7749063347665677
15.855823999999998,-0.7985662332339852
15.855823999999998,-0.8556412917841916
15.855823999999998,-0.8276327901966853
15.855823999999998,-0.7858831247368139
15.855823999999998,-0.7492665970818099
15.855823999999998,-0.7852868747037159
15.855823999999998,-0.7721447560046353
15.855823999999998,-0.7996551871365106
15.855823999999998,-0.7805344336877736
15.855823999999998,-0.8167520758085973
15.855823999999998,-0.779357132086389
15.855823999999998,-0.8148770225992983
15.855823999999998,-0.8381402461571462
15.855823999999998,-0.7946748737397932
15.855823999999998,-0.8018423361324353
15.855823999999998,-0.8068333103763929
15.855823999999998,-0.786144202504045
15.855823999999998,-0.7947845501879239
15.855823999999998,-0.777300576675602
15.855823999999998,-0.7879020986161077
15.855823999999998,-0.8631020254730941
15.855823999999998,-0.7731343845164091
15.855823999999998,-0.8192226818652343
15.855823999999998,-0.8303092403298332
15.855823999999998,-0.8230682279596548
15.855823999999998,-0.8033541046209594
15.855823999999998,-0.8063553271370851
15.855823999999998,-0.7834547574779991
15.855823999999998,-0.7945073537762966
15.855823999999998,-0.7787906608399393
15.855823999999998,-0.8259450372744652
15.855823999999998,-0.8268632063287701
15.855823999999998,-0.7691871680989198
15.855823999999998,-0.7411302833905036
15.855823999999998,-0.8280226869200356
15.855823999999998,-0.7777561746275011
15.855823999999998,-0.7699548919541971
15.855823999999998,-0.7771072539774185
15.855823999999998,-0.776054384191247
15.855823999999998,-0.7757331309053654
15.855823999999998,-0.7948597898941523
15.855823999999998,-0.8040086776663274
15.855823999999998,-0.8228327949526205
15.855823999999998,-0.8145604768483073
15.855823999999998,-0.8346910071554342
15.855823999999998,-0.7543501580885014
15.855823999999998,-0.8006890497428141
15.855823999999998,-0.8346270848572833
15.855823999999998,-0.8122581464777909
15.855823999999998,-0.7695334863705979
15.855823999999998,-0.8496070214342855
15.855823999999998,-0.7954810827296038
15.855823999999998,-0.8126031233598503
15.855823999999998,-0.8041925106212306
15.855823999999998,-0.8424348224255408
15.855823999999998,-0.8180214858001362
15.855823999999998,-0.7973575195066048
15.855823999999998,-0.7762547016017177
15.855823999999998,-0.8377321264835508
15.855823999999998,-0.803511091305785
15.855823999999998,-0.7757278606339224
15.855823999999998,-0.7320855170061062
15.855823999999998,-0.8100759516589512
15.855823999999998,-0.7894401065433723
15.855823999999998,-0.8397269454326534
15.855823999999998,-0.7898771440351957
15.855823999999998,-0.7742175675639758
15.855823999999998,-0.8055770609104589
18.086996000000003,-0.7984668405072677
18.086996000000003,-0.7949912301574801
18.086996000000003,-0.7962130491053313
18.086996000000003,-0.73841200704082
18.086996000000003,-0.7664681346889504
18.086996000000003,-0.7883091701808984
18.086996000000003,-0.7639562917827293
18.086996000000003,-0.7677972123795516
18.086996000000003,-0.7630371906235528
18.086996000000003,-0.8268974040699419
18.086996000000003,-0.7781214836226835
18.086996000000003,-0.781259111077876
18.086996000000003,-0.800251138096521
18.086996000000003,-0.784342534449602
18.086996000000003,-0.7615081323251075
18.086996000000003,-0.7874237469438552
18.086996000000003,-0.8127547510988706
18.086996000000003,-0.7997578559927447
18.086996000000003,-0.7740200445369917
18.086996000000003,-0.7637300861123144
18.086996000000003,-0.8266187399695618
18.086996000000003,-0.8037814525793245
18.086996000000003,-0.7263810839995636
18.086996000000003,-0.7533938646817964
18.086996000000003,-0.8062452467004607
18.086996000000003,-0.7950833500520481
18.086996000000003,-0.8392745289973664
18.086996000000003,-0.7813477222801196
18.086996000000003,-0.8016248084293885
18.086996000000003,-0.7852307732663766
18.086996000000003,-0.7964400185861782
18.086996000000003,-0.7704521412357849
18.086996000000003,-0.783533121000485
18.086996000000003,-0.7659789834049953
18.086996000000003,-0.7950577490518401
18.086996000000003,-0.8247510205601819
18.086996000000003,-0.7838670465413533
18.086996000000003,-0.7706215238449904
18.086996000000003,-0.8328847844193116
18.086996000000003,-0.806689412893393
18.086996000000003,-0.82786742616781
18.086996000000003,-0.8006205050426598
18.086996000000003,-0.7999069452661165
18.086996000000003,-0.7744040282467288
18.086996000000003,-0.8102330581846839
18.086996000000003,-0.8283316868185884
18.086996000000003,-0.8164178908032387
18.086996000000003,-0.8242285608781901
18.086996000000003,-0.7960399762278283
18.086996000000003,-0.7595992969220813
18.086996000000003,-0.7989627368374723
18.086996000000003,-0.7878654790235569
18.086996000000003,-0.7434901653526046
18.086996000000003,-0.7766458101683634
18.086996000000003,-0.7970749053341861
18.086996000000003,-0.7971143932533158
18.086996000000003,-0.7665825270094504
18.086996000000003,-0.8158609171460891
18.086996000000003,-0.827630176364363
18.086996000000003,-0.8165456446154793
18.086996000000003,-0.8240278485111081
18.086996000000003,-0.8412211548264957
18.086996000000003,-0.8074047752735191
18.086996000000003,-0.78210845486129
18.086996000000003,-0.7813470417687826
18.086996000000003,-0.8575339634104266
18.086996000000003,-0.8410614922095642
18.086996000000003,-0.8125912459854358
18.086996000000003,-0.7836220473168322
18.086996000000003,-0.7879852204777161
18.086996000000003,-0.766451614196302
18.086996000000003,-0.8247883290263581
18.086996000000003,-0.7811577027250604
18.086996000000003,-0.8238191342341095
18.086996000000003,-0.7742135883750879
18.086996000000003,-0.7713510765940653
18.086996000000003,-0.7809090488551587
18.086996000000003,-0.839236192894063
18.086996000000003,-0.7753602364142669
18.086996000000003,-0.7127310678538965
18.086996000000003,-0.7608215210527548
18.086996000000003,-0.8007392523156011
18.086996000000003,-0.7961969150864934
18.086996000000003,-0.8113009385742915
18.086996000000003,-0.8117114390471635
18.086996000000003,-0.782470834041402
18.086996000000003,-0.7903270830959205
18.086996000000003,-0.8121755266612033
18.086996000000003,-0.8421049312234267
18.086996000000003,-0.8232446347443199
18.086996000000003,-0.7735978615673159
18.086996000000003,-0.8001148685051033
18.086996000000003,-0.7444699608174461
18.086996000000003,-0.7830256695835337
18.086996000000003,-0.786980426124938
18.086996000000003,-0.8024845749036769
18.086996000000003,-0.7793354059004042
18.086996000000003,-0.7975204522916595
18.086996000000003,-0.7674879791709164
18.086996000000003,-0.7885883897055069
20.468098,-0.7609287068585587
20.468098,-0.773591169909193
20.468098,-0.8149040464302768
20.468098,-0.8289556851149
20.468098,-0.7537038286405069
20.468098,-0.7265443872763392
20.468098,-0.7718949801027037
20.468098,-0.737183045288195
20.468098,-0.7259009314371683
20.468098,-0.7726133368309372
20.468098,-0.7566225164224667
20.468098,-0.7724069986344824
20.468098,-0.7764355390600522
20.468098,-0.729090928285824
20.468098,-0.7552600761510876
20.468098,-0.7655450948820031
20.468098,-0.77877835636848
20.468098,-0.727217890125592
20.468098,-0.7826196455140789
20.468098,-0.7984906380564123
20.468098,-0.7927524324317816
20.468098,-0.7544229029682943
20.468098,-0.7540383770508539
20.468098,-0.7840221875160257
20.468098,-0.7982146670968582
20.468098,-0.7728930616818018
20.468098,-0.8205329647600734
20.468098,-0.7577370471831402
20.468098,-0.7590134210445525
20.468098,-0.7966275977710887
20.468098,-0.7781281798778582
20.468098,-0.7350105763036628
20.468098,-0.7738120469815999
20.468098,-0.7816384170810847
20.468098,-0.7711154424257494
20.468098,-0.7847920451714862
20.468098,-0.7570639417791052
20.468098,-0.7562606300429756
20.468098,-0.7285023743836495
20.468098,-0.7749455786545769
20.468098,-0.7461436858289775
20.468098,-0.8088560161484086
20.468098,-0.758670105477412
20.468098,-0.7992389096702781
20.468098,-0.7602460267320909
20.468098,-0.8059541950684513
20.468098,-0.793657275085017
20.468098,-0.7371188581941747
20.468098,-0.7738125463295695
20.468098,-0.7600955354388585
20.468098,-0.8124876854150772
20.468098,-0.7671634426190712
20.468098,-0.8065023210713129
20.468098,-0.7258399180248899
20.468098,-0.7661287831179681
20.468098,-0.7781031661368204
20.468098,-0.7654862489643605
20.468098,-0.7721588443014081
20.468098,-0.7564372011492796
20.468098,-0.7619905677304832
20.468098,-0.780676698526888
20.468098,-0.788115136729815
20.468098,-0.8020870349281071
20.468098,-0.7591249527733779
20.468098,-0.7811560608795372
20.468098,-0.7724130486059532
20.468098,-0.7573788948678949
20.468098,-0.7487065001668676
20.468098,-0.7420386538325393
20.468098,-0.7894914837587325
20.468098,-0.761419616787166
20.468098,-0.7774564016805435
20.468098,-0.7541228519149402
20.468098,-0.8241146347958224
20.468098,-0.7717111119937891
20.468098,-0.744385997020538
20.468098,-0.7692710244752203
20.468098,-0.7258648203305171
20.468098,-0.7706852175127283
20.468098,-0.7745363304147057
20.468098,-0.7673148335097756
20.468098,-0.770662351044414
20.468098,-0.7715950156945452
20.468098,-0.7893006991883276
20.468098,-0.7979035610762514
20.468098,-0.7312216597162218
20.468098,-0.7665725428004303
20.468098,-0.7941518936185654
20.468098,-0.765451563380138
20.468098,-0.7989600087122566
20.468098,-0.7789284415959947
20.468098,-0.7825834006167923
20.468098,-0.8093435765075379
20.468098,-0.7709566905061532
20.468098,-0.751485171698841
20.468098,-0.7941746619330395
20.468098,-0.815148023898233
20.468098,-0.811221119119347
20.468098,-0.7249705550029271
20.468098,-0.8074315067286391
22.991115999999998,-0.7652693835563854
22.991115999999998,-0.6892282906816939
22.991115999999998,-0.698428380094597
22.991115999999998,-0.7459392259591663
22.991115999999998,-0.6903065392541956
22.991115999999998,-0.7175884370800856
22.991115999999998,-0.7111282358488069
22.991115999999998,-0.7273407868297923
22.991115999999998,-0.7043756082072029
22.991115999999998,-0.7182822027376029
22.991115999999998,-0.7443553578494719
22.991115999999998,-0.7203359017122827
22.991115999999998,-0.7391437106409616
22.991115999999998,-0.7499925264375118
22.991115999999998,-0.7242816037760884
22.991115999999998,-0.7232660657352994
22.991115999999998,-0.7366615629161921
22.991115999999998,-0.704495331032337
22.991115999999998,-0.7119402154437017
22.991115999999998,-0.7193081335732684
22.991115999999998,-0.7436228421025186
22.991115999999998,-0.6878134364310029
22.991115999999998,-0.7056960590212904
22.991115999999998,-0.74103753549572
22.991115999999998,-0.7392373827145932
22.991115999999998,-0.718012054130824
22.991115999999998,-0.7222700368813085
22.991115999999998,-0.700756098754843
22.991115999999998,-0.754198241877024
22.991115999999998,-0.7707534146102201
22.991115999999998,-0.7600711321013014
22.991115999999998,-0.7155632348546035
22.991115999999998,-0.6984499076371016
22.991115999999998,-0.7220586790208384
22.991115999999998,-0.7246000696121322
22.991115999999998,-0.7037545451050389
22.991115999999998,-0.7498292039672662
22.991115999999998,-0.7233398829813215
22.991115999999998,-0.7507882791443183
22.991115999999998,-0.7412745965515477
22.991115999999998,-0.7053995524165071
22.991115999999998,-0.7370617056599342
22.991115999999998,-0.7105297454873647
22.991115999999998,-0.7173421796463479
22.991115999999998,-0.7328662726826163
22.991115999999998,-0.6881824293641782
22.991115999999998,-0.7317493914063068
22.991115999999998,-0.7437261248099358
22.991115999999998,-0.7125522260399394
22.991115999999998,-0.7727984177015906
22.991115999999998,-0.7294976840209468
22.991115999999998,-0.7306115660244024
22.991115999999998,-0.7123983658220394
22.991115999999998,-0.731934715021868
22.991115999999998,-0.7923375912788094
22.991115999999998,-0.7770874950854081
22.991115999999998,-0.6734669643113962
22.991115999999998,-0.7182581350883731
22.991115999999998,-0.6896342185541477
22.991115999999998,-0.7501186994741367
22.991115999999998,-0.7420001420202985
22.991115999999998,-0.7617949512563813
22.991115999999998,-0.7084494501089867
22.991115999999998,-0.7152121098818425
22.991115999999998,-0.7053929341909551
22.991115999999998,-0.7329198030854872
22.991115999999998,-0.740359684543133
22.991115999999998,-0.7525288627358442
22.991115999999998,-0.7507512034556747
22.991115999999998,-0.7378811103173147
22.991115999999998,-0.708611863467085
22.991115999999998,-0.6995623675288296
22.991115999999998,-0.717896584436969
22.991115999999998,-0.7503197426181686
22.991115999999998,-0.7305233218908754
22.991115999999998,-0.7418531325606764
22.991115999999998,-0.7368168567075765
22.991115999999998,-0.7094799639546102
22.991115999999998,-0.7584388443221917
22.991115999999998,-0.7210872503780373
22.991115999999998,-0.7185994411376563
22.991115999999998,-0.7053500058091919
22.991115999999998,-0.6842567807345534
22.991115999999998,-0.7143216026590293
22.991115999999998,-0.7412660517881626
22.991115999999998,-0.7245807849054191
22.991115999999998,-0.6988954975808417
22.991115999999998,-0.6984410939946064
22.991115999999998,-0.7299007562396927
22.991115999999998,-0.6900068424048164
22.991115999999998,-0.7429495500416425
22.991115999999998,-0.7279785068469887
22.991115999999998,-0.6905251661194703
22.991115999999998,-0.744008814786648
22.991115999999998,-0.7024655060992451
22.991115999999998,-0.6927040989798161
22.991115999999998,-0.6870088876953708
22.991115999999998,-0.7077765261819181
22.991115999999998,-0.7182180098406994
22.991115999999998,-0.7193871226662754
25.658464000000002,-0.733413662501254
25.658464000000002,-0.7242623766138492
25.658464000000002,-0.7114633680045388
25.658464000000002,-0.7171243743572738
25.658464000000002,-0.7583367616630335
25.658464000000002,-0.715985452702202
25.658464000000002,-0.7276789324222036
25.658464000000002,-0.6682076749799633
25.658464000000002,-0.7212324939016658
25.658464000000002,-0.755434874099766
25.658464000000002,-0.7061937539230646
25.658464000000002,-0.704293766769516
25.658464000000002,-0.6864428005049975
25.658464000000002,-0.6995123397340343
25.658464000000002,-0.7060281733695607
25.658464000000002,-0.6994856864428574
25.658464000000002,-0.6815312209899381
25.658464000000002,-0.6708180946724095
25.658464000000002,-0.7016213072778776
25.658464000000002,-0.7258581100838946
25.658464000000002,-0.7131621017860303
25.658464000000002,-0.6977557374693489
25.658464000000002,-0.6952966258059698
25.658464000000002,-0.7196995645747497
25.658464000000002,-0.7203515788386787
25.658464000000002,-0.704807277012733
25.658464000000002,-0.6769239443406188
25.658464000000002,-0.6932401648959784
25.658464000000002,-0.7087838368287882
25.658464000000002,-0.7112513158652202
25.658464000000002,-0.6962985502715036
25.658464000000002,-0.7036669902090997
25.658464000000002,-0.6922138501946182
25.658464000000002,-0.7441260958954553
25.658464000000002,-0.6821861206567836
25.658464000000002,-0.7155667901467534
25.658464000000002,-0.7008490648526523
25.658464000000002,-0.7332693679178708
25.658464000000002,-0.6951369797711419
25.658464000000002,-0.7143943566628578
25.658464000000002,-0.696140793854163
25.658464000000002,-0.6767650439823845
25.658464000000002,-0.7012923610806727
25.658464000000002,-0.6970702544902657
25.658464000000002,-0.707979754018041
25.658464000000002,-0.6988944927508302
25.658464000000002,-0.6867264411870948
25.658464000000002,-0.7054728919669766
25.658464000000002,-0.707861210651038
25.658464000000002,-0.706651160896834
25.658464000000002,-0.6624943484497361
25.658464000000002,-0.6779888245771747
25.658464000000002,-0.7075267566483204
25.658464000000002,-0.6614520422703091
25.658464000000002,-0.6892535708515208
25.658464000000002,-0.7390338649818035
25.658464000000002,-0.703831232957468
25.658464000000002,-0.714052218629532
25.658464000000002,-0.6697412820764641
25.658464000000002,-0.7277266132187928
25.658464000000002,-0.706509570079774
25.658464000000002,-0.689754192190296
25.658464000000002,-0.7213908811163491
25.658464000000002,-0.6765078798220496
25.658464000000002,-0.7145647922673802
25.658464000000002,-0.7035742775384995
25.658464000000002,-0.6946331653504992
25.658464000000002,-0.7020162055121889
25.658464000000002,-0.6955312250746692
25.658464000000002,-0.7165815004774506
25.658464000000002,-0.7102121495674033
25.658464000000002,-0.6912677364352154
25.658464000000002,-0.6782844772850667
25.658464000000002,-0.6796616599856671
25.658464000000002,-0.6934743888024593
25.658464000000002,-0.7116745653796502
25.658464000000002,-0.6908639770912741
25.658464000000002,-0.6647073923617884
25.658464000000002,-0.695464191178642
25.658464000000002,-0.7120256445171955
25.658464000000002,-0.713129893820644
25.658464000000002,-0.7333916938126867
25.658464000000002,-0.6988849318390987
25.658464000000002,-0.6927431812222761
25.658464000000002,-0.6624387133403147
25.658464000000002,-0.6956640564108313
25.658464000000002,-0.7101035314125067
25.658464000000002,-0.6882932428552923
25.658464000000002,-0.7060392289723603
25.658464000000002,-0.6975781656812344
25.658464000000002,-0.6965301713207058
25.658464000000002,-0.7056502359741276
25.658464000000002,-0.7168475280069646
25.658464000000002,-0.7006757290969244
25.658464000000002,-0.6826405389251529
25.658464000000002,-0.7217131665135735
25.658464000000002,-0.6977619531787903
25.658464000000002,-0.6881065938226334
25.658464000000002,-0.6827982403446045
25.658464000000002,-0.7130176742649663
28.448412,-0.6714536500175737
28.448412,-0.6599764223809438
28.448412,-0.6680577427375624
28.448412,-0.6982118655435249
28.448412,-0.6353397590918389
28.448412,-0.6583153067647289
28.448412,-0.6643439342212305
28.448412,-0.6885631513784004
28.448412,-0.6688913516535229
28.448412,-0.6492148795003825
28.448412,-0.6630067385773695
28.448412,-0.6523150507376987
28.448412,-0.6854184271061112
28.448412,-0.6904741074508257
28.448412,-0.719501640731232
28.448412,-0.6866622905773686
28.448412,-0.6675695787338612
28.448412,-0.6779296282035743
28.448412,-0.6671797899016128
28.448412,-0.676883715476603
28.448412,-0.660093803777348
28.448412,-0.7120836749695232
28.448412,-0.6960199792303321
28.448412,-0.6952491698588988
28.448412,-0.672729332729409
28.448412,-0.6611701373141818
28.448412,-0.6783443967661517
28.448412,-0.6952207625194783
28.448412,-0.6741953520989359
28.448412,-0.6676124234117166
28.448412,-0.6350516390158254
28.448412,-0.6699484569101035
28.448412,-0.699504988268354
28.448412,-0.6507882145323779
28.448412,-0.691552416272296
28.448412,-0.6877887479709915
28.448412,-0.6581512165657237
28.448412,-0.6891637457098326
28.448412,-0.6982575267176834
28.448412,-0.6916210906847723
28.448412,-0.6492747474678093
28.448412,-0.6919344621439247
28.448412,-0.6933622471539543
28.448412,-0.6971406425467076
28.448412,-0.6598744120489377
28.448412,-0.7030034670650895
28.448412,-0.7146819712204163
28.448412,-0.6823591183704729
28.448412,-0.6782252403749017
28.448412,-0.6771396824242214
28.448412,-0.6935731552831557
28.448412,-0.6474821886231868
28.448412,-0.6729073025155946
28.448412,-0.658436114521416
28.448412,-0.6894012520310135
28.448412,-0.6553705694642767
28.448412,-0.6957674233081972
28.448412,-0.7201389782191461
28.448412,-0.6691907096522514
28.448412,-0.6575564362239693
28.448412,-0.6948968745948451
28.448412,-0.6430759640856781
28.448412,-0.6485096749578076
28.448412,-0.6897081146115309
28.448412,-0.6437051458166816
28.448412,-0.6624838468136166
28.448412,-0.6657899888692868
28.448412,-0.6507890647060015
28.448412,-0.6383914440583445
28.448412,-0.6715437895702151
28.448412,-0.6671588198927708
28.448412,-0.6680772807426266
28.448412,-0.6871529129197522
28.448412,-0.7011170508961352
28.448412,-0.7165852301105149
28.448412,-0.6355163310354109
28.448412,-0.6993216574595011
28.448412,-0.6642199186069074
28.448412,-0.6324577597663675
28.448412,-0.6926876311837571
28.448412,-0.6570236777872412
28.448412,-0.6826256458403145
28.448412,-0.6700507889094975
28.448412,-0.6713431136770515
28.448412,-0.6462248564973652
28.448412,-0.6624607614595586
28.448412,-0.6904990469151605
28.448412,-0.6744693707926531
28.448412,-0.6994097598223317
28.448412,-0.6860422480010119
28.448412,-0.6861138770833127
28.448412,-0.6617423199613911
28.448412,-0.6668049376559774
28.448412,-0.7056650531276676
28.448412,-0.6641646008878063
28.448412,-0.6758997358579258
28.448412,-0.6784902588603166
28.448412,-0.6394996936746706
28.448412,-0.6906825636997549
28.448412,-0.650729375382993
31.368538,-0.6661292218451635
31.368538,-0.6637801109850533
31.368538,-0.6528370919003254
31.368538,-0.6679161577875172
31.368538,-0.6240119371634784
31.368538,-0.6057347762376252
31.368538,-0.6228525095626475
31.368538,-0.6520204313783039
31.368538,-0.6278701386922584
31.368538,-0.6370525291303348
31.368538,-0.687286878723638
31.368538,-0.6347363037468282
31.368538,-0.6541646691634048
31.368538,-0.6917593477009905
31.368538,-0.6424840850198041
31.368538,-0.5998597720691499
31.368538,-0.6441291192972621
31.368538,-0.6670283959346954
31.368538,-0.6867008485315589
31.368538,-0.6332847378006938
31.368538,-0.6478420473008022
31.368538,-0.6367127549615039
31.368538,-0.6690046661357044
31.368538,-0.6900099605665913
31.368538,-0.6782366160076663
31.368538,-0.6763312661371136
31.368538,-0.6421158214692388
31.368538,-0.6894508205546999
31.368538,-0.6455003406153642
31.368538,-0.6493473834124754
31.368538,-0.658802670126932
31.368538,-0.6641269913458664
31.368538,-0.6367530917077088
31.368538,-0.6261906194068618
31.368538,-0.6619765981305948
31.368538,-0.6341523135922141
31.368538,-0.6219894743962148
31.368538,-0.6502207388084298
31.368538,-0.670667292843697
31.368538,-0.6721464794670033
31.368538,-0.7096822488637701
31.368538,-0.6080367946096776
31.368538,-0.6303112562212556
31.368538,-0.6726449989211979
31.368538,-0.6024817555958188
31.368538,-0.6310046346510045
31.368538,-0.64762498834332
31.368538,-0.6341580646292905
31.368538,-0.6686243495651164
31.368538,-0.6623354019602026
31.368538,-0.6898537702387811
31.368538,-0.672989202344027
31.368538,-0.629566470513752
31.368538,-0.6253804862771787
31.368538,-0.6515848238457401
31.368538,-0.6226065120410048
31.368538,-0.6579499568686785
31.368538,-0.6467076264795757
31.368538,-0.6581330143034236
31.368538,-0.6350505547999751
31.368538,-0.6548807945485244
31.368538,-0.640023625379826
31.368538,-0.6726725473368794
31.368538,-0.6211619416693335
31.368538,-0.6584398571349428
31.368538,-0.6647138184187913
31.368538,-0.6854474697114704
31.368538,-0.6080939100486585
31.368538,-0.6816431288173431
31.368538,-0.6380109030406133
31.368538,-0.6956781853375071
31.368538,-0.6231260011119973
31.368538,-0.6905635532657431
31.368538,-0.6427710614802721
31.368538,-0.6900131070930066
31.368538,-0.6760790458789072
31.368538,-0.6442398522692071
31.368538,-0.6362634996207988
31.368538,-0.661527183225384
31.368538,-0.6471822810320128
31.368538,-0.6580670914793094
31.368538,-0.6417493990417483
31.368538,-0.6642952766021781
31.368538,-0.6565676012426707
31.368538,-0.669373258798958
31.368538,-0.6439641068553404
31.368538,-0.6443564002310768
31.368538,-0.652689130393867
31.368538,-0.6366942520717549
31.368538,-0.6530312593069315
31.368538,-0.6519991608639584
31.368538,-0.6445138154029788
31.368538,-0.6203440105065314
31.368538,-0.6372218272659294
31.368538,-0.6356079107663053
31.368538,-0.6638884933241469
31.368538,-0.6449878274909686
31.368538,-0.6460409117464193
31.368538,-0.6291240799601179
31.368538,-0.6297931910636275
34.487565999999994,-0.6766864089122512
34.487565999999994,-0.6498519245596908
34.487565999999994,-0.6308601242083292
34.487565999999994,-0.6138369467478996
34.487565999999994,-0.6459466491272122
34.487565999999994,-0.6344932724793191
34.487565999999994,-0.6366206600942156
34.487565999999994,-0.6152878398360777
34.487565999999994,-0.6483635930212103
34.487565999999994,-0.6706328637110717
34.487565999999994,-0.6065699687737709
34.487565999999994,-0.64279643887839
34.487565999999994,-0.6340487983997084
34.487565999999994,-0.6230103907443201
34.487565999999994,-0.6475036187802153
34.487565999999994,-0.6459798953391731
34.487565999999994,-0.618488009912633
34.487565999999994,-0.6583601860496434
34.487565999999994,-0.6366564169897249
34.487565999999994,-0.6450062024604938
34.487565999999994,-0.621679294838452
34.487565999999994,-0.6358749355510855
34.487565999999994,-0.6399197609368389
34.487565999999994,-0.6180277196197022
34.487565999999994,-0.6444881257374634
34.487565999999994,-0.5996507973846352
34.487565999999994,-0.6372235349789602
34.487565999999994,-0.6220731155407154
34.487565999999994,-0.648749572828484
34.487565999999994,-0.6184477936814784
34.487565999999994,-0.6186872989050983
34.487565999999994,-0.6525339739256162
34.487565999999994,-0.6520218035658865
34.487565999999994,-0.6318664451318152
34.487565999999994,-0.6340803847540368
34.487565999999994,-0.6553105417496751
34.487565999999994,-0.644648021670846
34.487565999999994,-0.6296512463543867
34.487565999999994,-0.625197651604104
34.487565999999994,-0.6707914790123254
34.487565999999994,-0.5917240428512301
34.487565999999994,-0.6193581563668107
34.487565999999994,-0.6270171717507972
34.487565999999994,-0.6359553596693859
34.487565999999994,-0.6264676771382857
34.487565999999994,-0.6395486895553657
34.487565999999994,-0.6095339298167879
34.487565999999994,-0.6909698749909134
34.487565999999994,-0.6437833212483814
34.487565999999994,-0.6607560535127815
34.487565999999994,-0.6564707713001225
34.487565999999994,-0.6839229331186369
34.487565999999994,-0.5987354881538088
34.487565999999994,-0.6160536054290722
34.487565999999994,-0.6051258438194747
34.487565999999994,-0.6338916023290738
34.487565999999994,-0.6267385641812867
34.487565999999994,-0.6718006821325507
34.487565999999994,-0.6296972644527914
34.487565999999994,-0.6210813453286435
34.487565999999994,-0.6297756043530429
34.487565999999994,-0.6425872334582586
34.487565999999994,-0.6254828496660216
34.487565999999994,-0.6446420573851026
34.487565999999994,-0.5970670195132638
34.487565999999994,-0.6363281190639787
34.487565999999994,-0.6298073835770756
34.487565999999994,-0.6214246162559693
34.487565999999994,-0.6225103693816119
34.487565999999994,-0.5979846962890963
34.487565999999994,-0.6404045925172887
34.487565999999994,-0.6142714023764807
34.487565999999994,-0.5856089849975435
34.487565999999994,-0.6338755525674983
34.487565999999994,-0.6224318616895048
34.487565999999994,-0.630257702213505
34.487565999999994,-0.6090059522149847
34.487565999999994,-0.5967514288638437
34.487565999999994,-0.5984279650005245
34.487565999999994,-0.6277764015068757
34.487565999999994,-0.6090749528259605
34.487565999999994,-0.6466197160224192
34.487565999999994,-0.64036073470555
34.487565999999994,-0.6454172775997957
34.487565999999994,-0.6430582555561632
34.487565999999994,-0.6564095904021505
34.487565999999994,-0.6446688582092904
34.487565999999994,-0.6275853206074092
34.487565999999994,-0.661117048542693
34.487565999999994,-0.6449794540587629
34.487565999999994,-0.6448852528078662
34.487565999999994,-0.6583207836515429
34.487565999999994,-0.617201493504865
34.487565999999994,-0.6365005822222557
34.487565999999994,-0.642536128373674
34.487565999999994,-0.6515051308081848
34.487565999999994,-0.64599800302273
34.487565999999994,-0.6059347586583791
34.487565999999994,-0.6105222928005323
34.487565999999994,-0.6494503101151297
37.925132000000005,-0.6113369986292915
37.925132000000005,-0.6208840944024191
37.925132000000005,-0.6531135501447165
37.925132000000005,-0.597417684100727
37.925132000000005,-0.6353947141847212
37.925132000000005,-0.6126598879171977
37.925132000000005,-0.6114962745492896
37.925132000000005,-0.6639870133300485
37.925132000000005,-0.615881072100836
37.925132000000005,-0.6044531619068793
37.925132000000005,-0.6055948491308487
37.925132000000005,-0.6276230018282295
37.925132000000005,-0.6220749083820333
37.925132000000005,-0.6130853109668503
37.925132000000005,-0.5816891938103965
37.925132000000005,-0.6056495395148846
37.925132000000005,-0.5855993185795859
37.925132000000005,-0.6099313909070639
37.925132000000005,-0.6637144385489194
37.925132000000005,-0.6005789364559817
37.925132000000005,-0.6076591522013325
37.925132000000005,-0.5787162113192575
37.925132000000005,-0.6256258246804051
37.925132000000005,-0.6298351760342347
37.925132000000005,-0.5860577158652965
37.925132000000005,-0.6190832147085832
37.925132000000005,-0.6625216466406293
37.925132000000005,-0.620107870199419
37.925132000000005,-0.6192502560227758
37.925132000000005,-0.6086741442777354
37.925132000000005,-0.6028922611959981
37.925132000000005,-0.6084356174021237
37.925132000000005,-0.6315851766672226
37.925132000000005,-0.6176963746737186
37.925132000000005,-0.6445411770481827
37.925132000000005,-0.6378262357962213
37.925132000000005,-0.6251820707846104
37.925132000000005,-0.6061570496712304
37.925132000000005,-0.6232935730486991
37.925132000000005,-0.6168715419926071
37.925132000000005,-0.5737452380167198
37.925132000000005,-0.5900642047157482
37.925132000000005,-0.5963853207506142
37.925132000000005,-0.6129302746646372
37.925132000000005,-0.638080558815471
37.925132000000005,-0.6089170098297261
37.925132000000005,-0.607449420138529
37.925132000000005,-0.6176938965505828
37.925132000000005,-0.597355427579208
37.925132000000005,-0.6478025432017278
37.925132000000005,-0.5957712964976194
37.925132000000005,-0.5608084073280181
37.925132000000005,-0.590892578161679
37.925132000000005,-0.6301255448807083
37.925132000000005,-0.6228123789735656
37.925132000000005,-0.6057500086424645
37.925132000000005,-0.6380781587770322
37.925132000000005,-0.6317397185614971
37.925132000000005,-0.6229782105976087
37.925132000000005,-0.6050166064064978
37.925132000000005,-0.6128150906536677
37.925132000000005,-0.5978204194648119
37.925132000000005,-0.6059318688813826
37.925132000000005,-0.616318234999103
37.925132000000005,-0.6116778726649618
37.925132000000005,-0.6402133898358182
37.925132000000005,-0.6134082128202756
37.925132000000005,-0.5819089698363773
37.925132000000005,-0.6318182015893662
37.925132000000005,-0.5962105131297268
37.925132000000005,-0.5955318960862777
37.925132000000005,-0.6222460956054203
37.925132000000005,-0.5992630819590509
37.925132000000005,-0.6197226975092628
37.925132000000005,-0.5861678811174741
37.925132000000005,-0.6413142145272698
37.925132000000005,-0.634263927680936
37.925132000000005,-0.6100935117962012
37.925132000000005,-0.6187040458886787
37.925132000000005,-0.6438680024576935
37.925132000000005,-0.6159402423109396
37.925132000000005,-0.6695663876339175
37.925132000000005,-0.650213444989531
37.925132000000005,-0.6229082920562817
37.925132000000005,-0.6325407618130253
37.925132000000005,-0.6139327435844243
37.925132000000005,-0.6241820621455265
37.925132000000005,-0.6391571291245604
37.925132000000005,-0.6002108322319858
37.925132000000005,-0.6129167572436929
37.925132000000005,-0.6306535970488958
37.925132000000005,-0.6041919267553485
37.925132000000005,-0.6042243110079702
37.925132000000005,-0.6373331362273565
37.925132000000005,-0.5846950148416404
37.925132000000005,-0.6319534687817265
37.925132000000005,-0.5795033518287147
37.925132000000005,-0.6199414974438751
37.925132000000005,-0.6374484666521297
37.925132000000005,-0.6072595357744143
41.9176,-0.605175530529014
41.9176,-0.6290393791646707
41.9176,-0.5955464201770502
41.9176,-0.6303708235751049
41.9176,-0.6004819589692916
41.9176,-0.6519647883454701
41.9176,-0.6259130670695116
41.9176,-0.620692643090647
41.9176,-0.6290860704482829
41.9176,-0.6205872743808779
41.9176,-0.6490057967808437
41.9176,-0.625109900230102
41.9176,-0.619475082671011
41.9176,-0.6177593888999192
41.9176,-0.6475860842046061
41.9176,-0.6531776723724746
41.9176,-0.660540446743186
41.9176,-0.6446367557778918
41.9176,-0.6198388101766329
41.9176,-0.6098091883379997
41.9176,-0.562467355715749
41.9176,-0.5992029402230568
41.9176,-0.5984540990979189
41.9176,-0.6207863652001583
41.9176,-0.6222067004412966
41.9176,-0.6222360625070127
41.9176,-0.6394702414608018
41.9176,-0.606863322515005
41.9176,-0.619988972340831
41.9176,-0.5776421835997514
41.9176,-0.5730200203075231
41.9176,-0.6267664487603979
41.9176,-0.5873013023931206
41.9176,-0.6438533286607225
41.9176,-0.6112946171001691
41.9176,-0.6116347002354648
41.9176,-0.6215921901240327
41.9176,-0.6133235758172946
41.9176,-0.6201785248516817
41.9176,-0.6173121734120819
41.9176,-0.660934682626937
41.9176,-0.6376214991782602
41.9176,-0.6162221105648901
41.9176,-0.6123610628751642
41.9176,-0.6171938388063473
41.9176,-0.6069288003569797
41.9176,-0.5930365295362661
41.9176,-0.6338029337368604
41.9176,-0.5609638062010219
41.9176,-0.621417212657389
41.9176,-0.6524464709062883
41.9176,-0.6336051700523646
41.9176,-0.6116987218716339
41.9176,-0.6291011150295568
41.9176,-0.650000435581584
41.9176,-0.634152330986786
41.9176,-0.5959259813347169
41.9176,-0.5968062599013854
41.9176,-0.6151548222438962
41.9176,-0.5965696478970216
41.9176,-0.6106298406018746
41.9176,-0.6430330231272813
41.9176,-0.6058893671931905
41.9176,-0.6361378949707269
41.9176,-0.6471691063281186
41.9176,-0.652040828546906
41.9176,-0.6019339382733715
41.9176,-0.6619022479284684
41.9176,-0.657467665697159
41.9176,-0.6076172512849293
41.9176,-0.6237440954978821
41.9176,-0.6088890315370068
41.9176,-0.6098566732518713
41.9176,-0.6478135949362467
41.9176,-0.5822702998881025
41.9176,-0.6214584199942497
41.9176,-0.6372750940255189
41.9176,-0.5902188620047384
41.9176,-0.6233522139019738
41.9176,-0.6452324530520509
41.9176,-0.6046620290294811
41.9176,-0.5895935006936388
41.9176,-0.6286559597701477
41.9176,-0.5930480828384869
41.9176,-0.6329161768400664
41.9176,-0.5970331921165373
41.9176,-0.6141386609418209
41.9176,-0.6070529237329139
41.9176,-0.6287779651329121
41.9176,-0.60409179897471
41.9176,-0.6572871942444283
41.9176,-0.6445889149936193
41.9176,-0.6109255956078921
41.9176,-0.6296641910301516
41.9176,-0.6112525303081142
41.9176,-0.5942205780543771
41.9176,-0.6251441450289814
41.9176,-0.6087656982754864
41.9176,-0.5995203257420274
41.9176,-0.6047840943600393
